K4 ZBA Zinsbelastungsanteil;;;;;;;;;
Der Zinsbelastungsanteil gibt Antwort auf die Frage, wie stark der Finanzertrag durch den
Zinsendienst belastet ist. Im Vergleich über mehrere Jahre wird die Verschuldungstendenz und
im Vergleich zu anderen Gemeinden die Verschuldungssituation erkannt.


BFS-Nr.;Gemeinde;Anzahl Einwohner;Verw.-Kreis ;Amtsbezirk;BFS Typ;Agglomeration BFS-Nr.;2002 [PROZ];2003 [PROZ];2004 [PROZ];2005 [PROZ];2006 [PROZ];2007 [PROZ];2008 [PROZ];2009 [PROZ];2010 [PROZ];2011 [PROZ]
301;Aarberg;4090.0;243;1;17;;-0.3;-0.2;-2.9;-0.3;-1.0;-1.1;-1.4;-1.3;-1.2;-2.2
321;Aarwangen;4214.0;244;2;15;;0.0;0.4;-0.4;-0.5;-0.4;-1.8;-2.1;-0.8;-0.7;-0.6
561;Adelboden;3583.0;249;10;6;;2.8;4.6;3.7;4.8;1.6;-0.1;-0.7;-0.7;-0.6;-0.6
401;Aefligen;1036.0;245;6;14;404;3.4;3.9;0.4;0.2;-0.5;-0.4;-0.7;-0.7;-0.5;-0.7
731;Aegerten;1750.0;242;16;14;371;0.8;0.1;-0.4;-0.6;-0.7;-0.7;-0.9;-0.2;-1.0;-0.9
562;Aeschi b.Sp.;2070.0;249;10;7;;0.3;-0.1;-1.6;-0.6;-0.9;-1.4;-2.0;-2.5;-4.1;-3.8
601;Aeschlen;0.0;246;12;21;;2.3;-1.2;-1.8;-0.4;1.0;-2.0;-1.6;3.0;0.00;0.00
951;Affoltern i.E.;1141.0;245;25;19;;0.4;-0.3;-0.8;0.6;-0.2;-1.2;-1.6;-1.6;-1.1;-1.3
851;Albligen;0.0;246;21;20;;-0.3;-1.1;-1.3;-0.4;-0.1;0.8;0.6;0.4;-0.4;0.00
402;Alchenstorf;570.0;245;6;16;;-1.6;-1.5;-2.0;-2.4;-1.8;-3.4;-3.3;-3.4;-3.0;-2.9
630;Allmendingen;515.0;246;12;11;351;1.5;1.8;-0.8;-1.5;-1.4;-1.4;-1.4;-2.4;-3.4;-2.7
921;Amsoldingen;797.0;247;24;16;;-0.3;1.6;-0.8;-1.0;-0.3;-0.9;-1.6;-2.0;-2.4;-2.6
381;Arch;1542.0;243;5;18;;2.4;1.5;0.8;0.8;0.8;2.2;0.00;0.3;0.4;0.2
602;Arni;955.0;246;12;20;;-1.0;-0.9;-0.8;-0.0;-0.8;-0.8;-1.2;-1.8;-2.1;-2.2
971;Attiswil;1298.0;244;26;16;;0.2;-0.3;-0.2;0.00;0.2;0.8;0.8;-0.3;-0.5;-0.6
322;Auswil;460.0;244;2;19;;-0.3;0.8;-0.1;-0.3;-0.1;0.5;-2.4;-1.5;-1.2;-1.8
531;Ballmoos;0.0;246;9;21;;1.6;0.3;1.5;1.5;-1.3;1.3;-2.0;4.9;0.00;0.00
532;Bangerten;158.0;243;9;21;;-6.4;-1.3;-4.1;-4.4;-4.4;-5.3;-7.8;-3.5;-0.3;-2.2
323;Bannwil;676.0;244;2;15;;2.3;1.6;0.7;0.3;-0.2;0.4;-0.8;-0.4;-1.2;-0.5
302;Bargen;1005.0;243;1;16;;-1.0;-0.5;-2.4;-2.0;-1.2;-0.8;-1.4;-1.0;-0.9;-1.0
571;Beatenberg;1126.0;250;11;7;;3.2;2.5;3.6;3.1;1.7;1.4;1.5;1.6;1.1;0.6
732;Bellmund;1490.0;242;16;14;371;0.2;0.2;0.1;-0.5;-0.3;-1.5;-4.1;4.1;-1.0;-0.9
861;Belp;10356.0;246;22;9;351;-1.2;-1.2;-1.2;-1.2;-1.1;-1.4;-1.4;-0.7;-1.1;-1.5
862;Belpberg;418.0;246;22;21;;-0.4;3.2;7.0;0.3;0.1;-0.4;-1.0;-1.0;-1.5;-2.2
681;Belprahon;300.0;241;15;15;;15.8;5.3;6.3;5.0;21.9;2.7;3.1;4.6;4.1;2.8
972;Berken;47.0;244;26;22;;-9.8;-10.1;-7.3;-6.6;-2.4;-8.0;-14.9;-5.6;-4.4;-11.5
351;Bern;126664.0;246;3;1;351;4.2;3.5;2.4;2.8;1.0;1.4;0.8;0.8;3.2;2.3
973;Bettenhausen;686.0;244;26;15;;-1.5;-1.8;-2.1;-0.9;-0.6;4.0;-4.8;-4.0;-3.0;-1.0
371;Biel;51323.0;242;4;2;371;-3.0;-2.4;-1.1;-3.7;-3.7;-4.9;-4.8;-3.9;-3.9;-3.3
603;Biglen;1729.0;246;12;15;;0.3;0.7;1.8;3.6;0.7;0.7;-0.6;-0.6;-0.1;-0.0
324;Bleienbach;654.0;244;2;19;;-1.3;-1.6;-2.2;-2.1;-1.6;-3.8;-4.9;-0.3;-1.4;-1.9
604;Bleiken b.O.;385.0;246;12;16;;-1.2;-2.0;-2.0;-3.9;-4.4;-4.2;-4.3;-4.3;-3.1;-4.2
922;Blumenstein;1182.0;247;24;17;;-0.6;-1.2;-1.4;-1.6;-1.7;-2.0;-2.5;-1.4;-0.9;-0.3
352;Bolligen;6057.0;246;3;11;351;2.0;1.6;0.8;0.6;0.5;0.6;0.7;1.4;0.2;0.8
974;Bollodingen;0.0;244;26;19;;0.0;-1.2;-1.4;-0.6;7.3;-4.1;-3.2;-3.4;-3.6;0.00
791;Boltigen;1366.0;248;19;21;;3.1;1.3;1.4;0.9;0.0;0.6;0.9;0.4;0.0;-0.2
605;Bowil;1381.0;246;12;19;;-4.0;-2.8;-2.6;-2.4;-1.1;-1.2;-0.4;0.5;-0.7;-1.3
353;Bremgarten b.B.;4210.0;246;3;11;351;2.6;2.4;2.0;3.2;1.4;1.4;0.6;3.5;0.0;-1.9
606;Brenzikofen;524.0;246;12;15;;0.7;-0.3;-1.4;-1.2;-1.1;-0.1;-2.3;-2.4;-4.1;-3.7
573;Brienz;3014.0;250;11;7;;-1.0;-1.3;-1.4;-2.0;-1.3;-1.1;-1.5;-1.6;-0.8;-0.8
574;Brienzwiler;511.0;250;11;17;;-1.3;-1.6;-2.2;-3.1;-4.7;-6.1;-5.7;-5.1;-4.8;-3.0
733;Brügg;4155.0;242;16;12;371;0.5;1.4;0.4;-0.2;0.0;-0.6;-0.4;-0.0;-0.2;-0.3
491;Brüttelen;577.0;243;8;21;;2.9;2.4;0.7;1.0;0.8;0.7;0.8;1.8;0.7;1.0
923;Buchholterberg;1531.0;247;24;19;;0.9;-1.3;-1.7;-1.1;-1.6;-1.9;-2.0;-1.6;-1.6;-1.0
404;Burgdorf;15549.0;245;6;3;404;-2.5;-2.8;-2.4;-3.0;-3.2;-2.2;-3.7;-2.7;-1.2;-2.5
863;Burgistein;1026.0;247;22;16;;-2.3;-2.9;-2.8;-2.4;-2.9;-3.0;-2.8;-1.8;-1.6;-3.8
384;Busswil b.B.;0.0;243;5;14;371;0.4;-0.2;-1.5;-2.8;-3.3;-3.6;-2.7;-2.8;-3.0;0.00
325;Busswil b.M.;201.0;244;2;20;;-4.8;-3.1;-4.1;-4.6;-3.3;-10.0;-9.0;-7.6;-7.2;-6.0
403;Bäriswil;1005.0;246;6;11;351;2.9;1.9;1.1;-0.6;0.6;-0.2;0.0;0.0;7.6;0.4
533;Bätterkinden;3171.0;245;9;15;;0.6;-3.7;-0.3;-1.7;1.8;-1.3;-1.2;-0.6;-0.6;-0.5
682;Bévilard;1681.0;241;15;18;;3.1;2.2;-6.6;3.9;-6.3;1.1;2.1;19.5;2.0;1.3
572;Bönigen;2447.0;250;11;7;;-0.3;-0.4;0.2;-0.5;-0.6;-0.6;-0.1;-0.0;-0.3;-0.3
382;Büetigen;827.0;243;5;15;;-0.2;-1.5;-1.4;-1.4;-0.8;-1.9;-2.3;-2.6;-2.6;-2.5
734;Bühl;419.0;243;16;16;;1.6;-0.3;-4.2;-3.3;-1.3;-2.0;-1.5;-1.2;-1.5;-2.4
383;Büren a.A.;3295.0;243;5;17;;-2.3;1.0;-2.8;-2.1;-1.6;-2.0;-2.0;-1.3;-1.0;-1.0
534;Büren z.H.;468.0;246;9;15;;-3.0;-1.3;1.1;0.8;-0.4;-1.3;-1.1;-1.5;-2.0;-1.8
683;Champoz;162.0;241;15;21;;-4.4;-0.2;-1.6;-1.4;-1.5;-0.6;0.2;-0.1;-0.2;0.2
684;Châtelat;113.0;241;15;21;;4.0;-0.2;-2.0;0.8;1.2;2.6;-0.4;-1.0;1.5;-0.4
661;Clavaleyres;49.0;246;14;21;;-11.7;-11.1;-20.4;-15.7;-11.9;-11.0;-8.2;-10.9;-8.4;-11.0
687;Corcelles;214.0;241;15;15;;2.2;1.3;-1.2;-1.3;-0.4;-0.6;-0.4;-0.9;-0.8;-2.2
431;Corgémont;1551.0;241;7;18;;-2.2;-2.2;-2.4;-2.2;-1.5;-2.7;-2.6;-3.0;-2.6;-1.4
432;Cormoret;495.0;241;7;15;;2.4;2.4;2.2;1.9;1.5;1.3;0.8;0.4;2.6;0.5
433;Cortébert;697.0;241;7;15;;-0.2;0.1;-1.2;1.4;0.7;-0.1;0.1;0.4;1.4;1.7
690;Court;1390.0;241;15;18;;4.4;4.7;3.7;4.1;3.6;3.2;2.5;2.8;2.6;1.3
434;Courtelary;1283.0;241;7;18;;1.6;1.3;0.7;0.3;0.3;0.6;0.5;0.3;-0.5;-0.8
691;Crémines;550.0;241;15;18;;1.7;-1.1;-1.9;-0.9;-0.9;1.7;-0.3;-0.2;2.8;2.1
535;Deisswil b.M.;97.0;246;9;15;;-12.8;-10.8;-9.0;-4.6;-3.0;-12.8;-12.6;-11.5;-2.9;-11.0
536;Diemerswil;199.0;246;9;11;351;-1.9;-2.8;-1.7;-1.7;-3.0;-2.9;-1.6;-1.5;-1.4;-5.3
762;Diemtigen;2140.0;249;17;21;;0.7;0.2;1.8;0.8;0.4;0.4;1.1;0.5;0.2;0.1
385;Diessbach b.B.;923.0;243;5;15;;3.9;2.9;1.3;0.9;0.6;-0.1;-1.2;-0.9;-1.4;-1.0
721;Diesse;443.0;241;13;17;;-0.9;1.4;-1.2;0.4;-0.5;-1.6;0.2;1.0;-1.4;-1.2
386;Dotzigen;1358.0;243;5;15;;-0.1;0.3;0.1;0.4;-0.8;-1.4;-1.6;-1.3;-1.3;-1.2
575;Därligen;416.0;250;11;15;;-0.2;-0.2;-0.3;1.4;1.1;0.6;0.5;-0.8;-2.1;-9.6
761;Därstetten;833.0;249;17;19;;-0.4;-1.5;-1.0;-1.8;-1.7;-3.1;-2.4;-2.8;-1.3;-1.5
952;Dürrenroth;1064.0;245;25;21;;0.7;0.8;1.3;1.3;0.2;-0.7;-1.5;0.0;-0.1;-0.1
901;Eggiwil;2453.0;245;23;21;;-1.6;-0.7;-1.7;-0.8;-1.2;-1.2;-1.0;-0.7;-0.9;-0.2
864;Englisberg;0.0;246;22;8;;-5.1;-2.6;0.00;0.00;0.00;0.00;0.00;0.00;0.00;0.00
735;Epsach;341.0;243;16;16;;1.3;-0.1;-1.3;0.1;-1.1;-1.4;-1.8;-3.3;-2.6;-0.6
953;Eriswil;1347.0;244;25;19;;-0.7;-0.9;-0.8;-0.8;-0.7;-1.1;-1.2;-0.9;-0.8;-0.6
924;Eriz;496.0;247;24;21;;-2.6;-0.4;-0.7;-0.9;-0.0;-1.3;-2.9;-0.6;-1.1;-1.4
492;Erlach;1278.0;243;8;17;;-0.2;-0.4;0.4;0.2;0.2;0.3;-0.0;1.0;0.9;-0.4
763;Erlenbach i.S.;1695.0;249;17;20;;1.2;0.0;0.1;-0.8;-0.0;-0.4;-1.3;-1.8;-1.2;-2.3
405;Ersigen;1589.0;245;6;19;;3.8;3.5;3.2;1.4;1.1;0.8;0.8;0.8;0.9;0.9
692;Eschert;377.0;241;15;19;;-0.2;-0.1;-0.1;0.4;-4.4;-3.8;-4.3;-1.7;-4.2;-3.8
537;Etzelkofen;289.0;246;9;18;;-7.2;-6.2;-6.8;-7.2;-7.6;-7.3;-7.0;-7.0;-7.3;-6.7
372;Evilard;2424.0;242;4;5;371;0.8;-1.0;-1.6;-1.2;-1.1;-1.4;-2.5;-2.3;-1.1;-2.9
925;Fahrni;741.0;247;24;20;;-0.2;1.0;-0.7;-0.3;-1.6;-0.5;-0.3;-0.0;5.2;0.4
975;Farnern;209.0;244;26;15;;-0.4;-0.9;-1.5;-1.6;-1.6;-4.5;-2.2;-2.9;-2.2;-2.0
662;Ferenbalm;1270.0;246;14;15;;0.2;-6.3;0.0;-0.9;-1.1;-1.3;-1.6;9.3;-1.8;-1.8
493;Finsterhennen;501.0;243;8;20;;1.1;0.8;-1.3;4.7;5.4;2.6;3.6;2.8;3.4;4.3
926;Forst;0.0;247;24;15;;-1.2;-1.5;-0.8;0.7;-1.5;0.00;0.00;0.00;0.00;0.00
948;Forst-Längenbühl;704.0;247;24;19;;0.00;0.00;0.00;0.00;0.00;-0.7;-1.4;-1.2;-1.1;-3.0
538;Fraubrunnen;1791.0;246;9;11;351;-3.2;-3.5;-3.8;-4.6;-5.0;-4.4;-4.4;-4.9;-2.9;-3.4
663;Frauenkappelen;1256.0;246;14;11;351;1.2;0.6;0.2;-0.2;-0.1;0.4;1.0;0.7;0.3;-0.1
607;Freimettigen;424.0;246;12;15;;-7.8;-6.6;-6.6;-5.9;-4.8;-4.8;-4.8;-5.1;-4.6;-4.7
563;Frutigen;6703.0;249;10;4;;2.9;2.0;1.5;1.4;0.5;2.0;-0.5;-0.5;-0.7;-1.1
781;Gadmen;229.0;250;18;22;;-1.6;-1.7;-0.8;-1.2;-2.2;-2.5;-2.7;-2.7;-2.8;-2.3
494;Gals;729.0;243;8;20;;2.1;2.2;0.8;-0.0;-1.0;0.1;-1.6;-2.2;-1.8;-2.4
495;Gampelen;791.0;243;8;17;;-1.5;-1.3;-2.1;-1.4;-1.4;-1.3;-1.7;-2.0;-2.4;-1.7
865;Gelterfingen;242.0;246;22;21;;-1.0;-1.8;-3.1;-3.3;-2.0;-2.6;-3.8;-0.9;-2.4;-3.8
866;Gerzensee;1134.0;246;22;20;;-0.2;1.1;0.3;0.8;0.6;-0.1;-1.1;-0.7;-1.0;-0.9
664;Golaten;303.0;246;14;21;;-4.3;-5.2;-5.4;-3.8;-7.7;-8.7;-8.9;-7.4;-5.8;-5.7
326;Gondiswil;724.0;244;2;19;;-0.5;-0.8;-0.6;0.1;-0.4;-1.8;-2.5;-1.4;-1.2;-0.9
976;Graben;291.0;244;26;15;;-4.7;-3.7;-4.0;-2.5;-2.2;-2.8;-6.5;-4.4;-4.7;-5.3
539;Grafenried;976.0;246;9;11;351;0.7;0.8;0.1;0.4;0.2;-0.1;-0.5;-0.4;-1.7;-1.8
694;Grandval;351.0;241;15;18;;1.9;4.9;3.6;1.8;1.1;1.4;0.0;0.2;-1.2;-0.9
576;Grindelwald;4040.0;250;11;6;;2.4;1.9;1.8;1.8;2.2;1.2;0.3;1.0;1.1;1.4
303;Grossaffoltern;2812.0;243;1;15;;-0.8;-1.2;-2.5;-3.1;-4.0;-4.0;-4.0;-2.7;-2.4;-2.2
608;Grosshöchstetten;3289.0;246;12;11;351;-0.1;-0.1;-1.0;-1.1;-0.6;-0.9;-1.1;-0.3;-0.2;-0.5
841;Gsteig;986.0;248;20;20;;-3.8;-5.6;-4.8;-3.7;-4.2;-4.0;10.8;27.0;15.6;11.1
577;Gsteigwiler;430.0;250;11;14;;7.3;2.4;1.8;1.0;2.4;1.9;0.7;0.00;-0.0;-1.4
852;Guggisberg;1585.0;246;21;21;;-1.8;-2.2;-1.5;-1.3;-1.5;-1.6;-1.6;-1.7;-1.6;-1.2
665;Gurbrü;245.0;246;14;21;;-2.0;-2.4;-3.1;-1.6;0.3;2.8;0.6;-0.2;-1.0;-1.1
867;Gurzelen;798.0;247;22;19;;-2.1;-2.9;-1.3;-1.5;-1.6;-1.0;-2.1;-1.1;-1.7;-1.6
327;Gutenburg;0.0;244;2;15;;-2.4;-1.1;-1.2;-2.8;-0.6;0.00;0.00;0.00;0.00;0.00
782;Guttannen;321.0;250;18;7;;-2.0;-3.4;-2.8;-3.7;-3.0;-3.0;-3.6;-3.8;-4.1;-3.9
578;Gündlischwand;284.0;250;11;17;;0.7;-1.3;2.1;-1.1;-2.4;-0.3;-0.3;-1.6;-2.4;-2.2
579;Habkern;640.0;250;11;21;;-0.0;-0.0;-1.4;-1.7;1.3;-1.7;2.0;1.2;0.3;-0.1
736;Hagneck;415.0;243;16;15;;3.4;2.7;1.0;0.4;0.2;-0.6;-0.8;-1.4;-1.8;-2.0
406;Hasle b.B.;3170.0;245;6;16;;2.5;2.0;1.8;1.8;1.0;1.2;0.7;1.0;0.5;0.7
783;Hasliberg;1229.0;250;18;6;;0.5;1.0;-0.1;0.1;0.2;0.8;1.4;1.4;0.3;-0.2
927;Heiligenschwendi;675.0;247;24;7;;-4.8;-5.0;-6.0;-6.0;-4.7;-5.5;-4.0;-2.7;-2.0;-3.6
928;Heimberg;6365.0;247;24;12;942;-1.3;-1.1;-1.3;-1.5;-2.7;-2.1;-1.8;-2.0;-1.8;-2.1
977;Heimenhausen;1016.0;244;26;15;;-2.4;-1.3;-2.3;-1.7;-0.5;-4.8;-3.0;-4.4;-2.2;-3.3
407;Heimiswil;1636.0;245;6;21;;0.3;-1.0;-0.7;-1.3;-1.9;0.3;-0.2;-0.8;-0.2;-0.8
408;Hellsau;192.0;245;6;19;;-1.0;-0.8;-1.7;-2.2;-2.7;-2.6;-2.9;-3.0;-2.8;-2.4
610;Herbligen;551.0;246;12;16;;-0.6;-1.5;-2.7;-1.1;-4.6;-3.0;-2.4;-1.6;-2.8;-2.4
978;Hermiswil;96.0;244;26;20;;-3.9;-7.0;-4.0;-5.0;-3.2;-11.0;-9.6;-10.0;-8.1;-5.3
737;Hermrigen;262.0;243;16;16;;-2.5;-1.8;-2.0;-2.3;-1.3;-0.4;-3.2;-3.4;-3.2;-0.6
979;Herzogenbuchsee;6795.0;244;26;4;;-2.0;-2.4;-2.2;-2.5;-1.9;-4.8;-4.8;-3.9;-3.8;-3.8
929;Hilterfingen;3998.0;247;24;13;942;-1.3;-2.3;-2.2;-2.7;0.5;-0.8;1.3;3.5;-1.3;-3.3
409;Hindelbank;2094.0;245;6;17;;-1.4;-1.5;-1.2;-0.9;-1.0;-1.4;-1.4;-1.2;-0.7;-1.2
580;Hofstetten b.B.;567.0;250;11;17;;-1.9;-1.7;-2.9;-3.8;-3.4;-2.5;-2.5;-7.9;-9.6;-12.9
931;Homberg;502.0;247;24;21;;2.5;-2.3;-2.8;-3.1;-2.6;4.0;-2.7;-1.8;-1.7;-1.5
932;Horrenbach-Buchen;259.0;247;24;21;;-2.7;-2.1;-3.8;-4.4;-4.4;-4.2;-4.0;-4.8;-3.3;-3.0
954;Huttwil;4726.0;244;25;18;;-0.5;-1.8;-4.1;-3.7;-2.0;-5.6;-0.5;-3.8;-3.8;-2.3
609;Häutligen;239.0;246;12;21;;-6.0;-4.9;-7.2;-8.2;-6.5;-10.1;-9.3;-1.2;-5.2;-7.7
410;Höchstetten;258.0;245;6;19;;9.0;2.0;0.9;0.7;-0.2;-0.3;-0.6;-1.1;-0.9;1.2
930;Höfen;441.0;247;24;16;;2.1;1.2;1.4;0.2;1.3;2.1;3.0;2.5;5.4;1.9
541;Iffwil;409.0;246;9;20;;-6.3;-13.4;-3.8;-7.4;-5.2;-4.8;-4.2;-3.2;-4.2;-3.5
980;Inkwil;638.0;244;26;15;;-1.3;-1.3;-1.6;-1.6;-1.1;-3.4;-3.3;-3.8;-2.6;-2.9
784;Innertkirchen;886.0;250;18;19;;-0.7;11.1;3.4;2.1;0.8;0.7;1.2;1.6;0.5;3.3
496;Ins;3260.0;243;8;20;;0.8;0.1;-0.6;-0.3;-1.0;-0.7;-0.1;0.5;0.5;0.2
581;Interlaken;5481.0;250;11;6;;0.9;1.3;1.3;1.2;1.4;1.0;0.7;1.1;0.2;1.2
739;Ipsach;3913.0;242;16;13;371;2.8;2.1;1.4;1.3;1.0;0.3;0.3;0.3;0.2;-0.2
582;Iseltwald;432.0;250;11;20;;-3.8;-3.6;-2.7;2.1;0.9;-4.1;-3.7;-4.0;-2.9;-3.9
362;Ittigen;11006.0;246;3;9;351;-0.3;0.5;0.4;-0.0;-0.7;-0.9;-2.0;1.7;-1.3;-1.6
868;Jaberg;258.0;246;22;15;;-3.3;-2.9;-1.0;-3.4;-4.4;-4.8;-5.0;-5.2;-5.9;-6.7
540;Jegenstorf;4680.0;246;9;10;351;1.5;1.2;0.1;-0.3;-0.1;-1.2;-1.2;-0.9;-1.6;-1.6
738;Jens;681.0;243;16;15;;5.2;4.7;4.0;3.9;2.7;2.4;2.2;2.0;1.5;2.2
304;Kallnach;1563.0;243;1;19;;-1.8;-2.3;-0.4;-2.8;-2.9;-2.5;-3.4;-2.7;-3.5;-2.9
564;Kandergrund;810.0;249;10;8;;1.2;0.1;-0.6;-1.5;1.5;-0.9;0.8;1.6;1.3;0.3
565;Kandersteg;1261.0;249;10;6;;2.7;1.4;1.1;0.8;0.4;-0.3;-0.5;-0.7;-0.5;-0.6
305;Kappelen;1278.0;243;1;19;;-0.1;2.2;1.4;-0.7;-0.0;0.5;-0.2;0.3;0.6;0.6
869;Kaufdorf;1034.0;246;22;11;351;4.6;2.8;1.8;0.7;-0.6;0.1;0.3;-0.3;-0.5;-0.7
870;Kehrsatz;3964.0;246;22;10;351;2.4;0.4;0.2;1.2;0.6;0.1;-0.2;-0.0;-0.2;-0.3
411;Kernenried;449.0;245;6;15;;-7.4;-9.6;-10.2;-10.1;-9.0;-9.2;-11.0;-8.7;-8.0;-6.6
871;Kienersrüti;52.0;247;22;21;;-5.7;-7.0;-4.8;-4.2;-3.1;-4.0;-3.0;-6.0;-6.7;-7.1
611;Kiesen;857.0;246;12;15;;-1.3;-1.2;-2.2;-2.3;-1.8;-1.7;-2.1;-2.0;-1.7;-2.9
412;Kirchberg;5613.0;245;6;12;404;1.1;1.0;0.4;0.9;-0.7;5.7;4.2;4.7;14.8;10.6
872;Kirchdorf;814.0;246;22;20;;0.6;0.0;-0.2;-0.3;0.4;0.8;0.7;0.6;0.3;-0.2
873;Kirchenthurnen;271.0;246;22;15;;-6.2;-5.2;-5.2;-5.4;-6.2;-5.5;-6.8;-7.3;-7.3;-6.8
354;Kirchlindach;2815.0;246;3;11;351;-0.1;0.0;0.2;-0.5;-0.3;-0.2;-0.4;-0.1;-0.3;-0.3
328;Kleindietwil;0.0;244;2;19;;3.6;0.6;1.6;0.3;-0.1;-1.9;-0.8;-1.5;3.8;0.00
612;Konolfingen;4739.0;246;12;9;351;-3.9;2.2;2.2;1.6;-2.8;-0.2;-2.8;-2.8;4.1;-2.6
413;Koppigen;2070.0;245;6;17;;2.9;1.6;0.7;0.5;0.2;-0.8;-0.4;-1.6;-1.4;-1.5
566;Krattigen;989.0;249;10;17;;0.2;0.5;0.1;0.1;-0.2;-0.2;-1.1;-0.4;-0.5;-0.6
414;Krauchthal;2318.0;245;6;15;;0.4;0.6;1.5;1.4;0.8;0.8;-0.0;0.5;0.1;0.9
666;Kriechenwil;410.0;246;14;20;;0.7;0.00;0.4;-0.1;-1.2;-1.4;-1.6;-0.9;-1.6;-1.5
355;Köniz;38633.0;246;3;9;351;2.1;1.9;1.6;1.6;1.4;1.0;0.8;0.9;0.6;-0.2
435;La Ferrière;545.0;241;7;19;;-3.9;-3.9;-4.0;-3.5;-3.6;-3.0;-3.8;-4.0;-3.8;-4.4
436;La Heutte;486.0;241;7;15;;2.7;1.6;1.4;3.4;-0.2;-0.9;-0.1;-0.0;0.4;0.9
723;La Neuveville;3559.0;241;13;17;;-0.7;-1.3;-0.9;-1.0;-1.4;-1.1;-2.3;-1.6;-1.9;-2.0
722;Lamboing;682.0;241;13;16;;1.7;0.6;8.3;1.5;0.8;0.9;0.4;0.1;-0.3;-1.3
613;Landiswil;628.0;246;12;21;;0.1;-2.5;-2.6;-1.9;-2.5;-2.0;-2.6;-2.7;-3.1;1.7
329;Langenthal;15017.0;244;2;3;;4.6;3.9;1.6;2.0;-0.3;-1.9;1.3;-3.9;-1.4;-1.4
902;Langnau i.E.;9018.0;245;23;3;;1.2;1.0;1.2;-0.6;-0.0;-0.3;-0.3;-0.2;-0.3;-0.1
842;Lauenen;810.0;248;20;21;;-0.1;0.6;0.7;0.6;1.1;1.0;0.7;1.2;2.1;0.7
667;Laupen;2830.0;246;14;10;351;5.7;5.2;4.2;4.1;3.4;3.0;2.3;5.1;1.7;0.8
903;Lauperswil;2680.0;245;23;19;;-0.5;-1.8;-2.7;-2.7;-2.4;-2.4;-2.6;-2.0;-1.9;0.2
584;Lauterbrunnen;2741.0;250;11;6;;0.6;0.2;0.3;-1.0;-0.7;-0.5;-0.8;-1.0;-0.4;0.0
330;Leimiswil;0.0;244;2;19;;0.7;1.0;0.7;1.2;-0.4;-0.8;-3.2;-2.4;-2.5;0.00
585;Leissigen;932.0;250;11;17;;1.0;2.1;2.0;1.6;1.8;1.9;2.0;1.5;0.9;0.9
387;Lengnau;4627.0;242;5;14;;1.6;0.3;0.1;-0.3;-0.8;0.2;-1.9;-1.1;-0.4;-0.2
792;Lenk;2419.0;248;19;6;;3.9;2.0;1.8;2.0;2.2;0.7;1.0;0.2;0.1;-1.5
388;Leuzigen;1200.0;243;5;16;;3.2;0.9;0.7;1.0;-0.0;-0.3;-0.1;-0.2;-0.3;-3.6
740;Ligerz;521.0;242;16;20;;-0.7;-0.6;-0.9;-2.8;-4.2;-4.3;-5.6;-7.2;-8.9;-9.4
542;Limpach;359.0;246;9;20;;-0.8;-3.3;-3.9;-4.7;-4.5;-5.1;-5.3;-5.8;-6.4;-6.3
614;Linden;1321.0;246;12;19;;-0.7;-0.7;-1.4;-1.0;-1.2;-1.3;-1.2;-0.4;-0.3;-0.3
874;Lohnstorf;224.0;246;22;21;;-0.7;-0.5;-0.8;-1.1;-1.1;-1.5;-1.4;-1.3;-1.2;-1.6
331;Lotzwil;2462.0;244;2;15;;-1.5;-1.6;-1.4;-1.0;-1.1;-2.6;-2.4;-1.7;-1.3;-1.4
696;Loveresse;317.0;241;15;19;;-4.8;-1.2;-2.0;-2.2;-1.8;-3.1;-2.7;0.5;-3.0;-3.0
306;Lyss;13776.0;243;1;3;;-0.3;-0.9;0.1;-0.5;-0.4;-0.4;0.2;0.6;-0.9;-0.8
415;Lyssach;1427.0;245;6;12;404;-1.0;-1.1;9.5;-2.1;-1.8;-1.7;-1.7;-1.4;-1.6;-1.4
933;Längenbühl;0.0;247;24;20;;0.3;-0.9;-1.0;-1.2;-0.4;0.00;0.00;0.00;0.00;0.00
497;Lüscherz;537.0;243;8;20;;-5.4;-5.6;-6.1;-6.5;-5.9;-5.6;-5.6;-5.7;-5.2;-5.8
586;Lütschental;240.0;250;11;20;;-7.6;-10.9;-6.9;-1.2;-10.5;-5.0;-4.2;-4.9;0.2;-1.0
955;Lützelflüh;4075.0;245;25;19;;0.5;0.1;0.4;-0.2;-0.3;-0.7;-0.6;-0.4;-0.5;-0.4
332;Madiswil;3140.0;244;2;20;;-0.1;0.8;-0.4;-0.7;-0.6;-2.6;-2.9;-2.5;-2.2;-2.2
697;Malleray;1970.0;241;15;18;;4.4;4.5;4.2;3.9;2.6;2.0;1.5;2.1;2.3;1.3
587;Matten b.I.;3780.0;250;11;13;;2.7;2.9;2.5;2.6;3.2;1.8;3.5;0.7;1.3;3.2
543;Mattstetten;588.0;246;9;11;351;-1.8;-2.2;-2.2;-1.6;-2.5;-2.7;-2.5;-2.0;-2.0;-2.1
389;Meienried;53.0;243;5;20;;-20.3;-22.6;-8.9;-10.2;-8.8;-9.0;-9.8;-8.0;-8.2;47.8
307;Meikirch;2344.0;246;1;11;351;-0.8;-1.2;-1.3;-1.4;-2.0;-3.2;-3.5;-2.7;-2.6;-3.0
390;Meinisberg;1292.0;242;5;15;;1.7;1.5;-0.4;1.6;0.1;-0.2;0.4;-0.1;-0.1;-0.3
785;Meiringen;4581.0;250;18;7;;3.5;2.8;2.6;2.5;2.6;1.3;1.2;1.5;0.7;1.0
333;Melchnau;1567.0;244;2;19;;6.9;1.1;0.5;0.7;-0.3;-1.2;-1.5;-1.2;-1.1;-1.2
741;Merzligen;411.0;243;16;15;;-1.2;-1.1;-1.9;-0.8;-1.1;1.4;0.8;-1.0;0.9;-2.3
615;Mirchel;578.0;246;12;16;;-2.0;-2.1;-3.2;-4.0;-2.4;-0.9;-1.4;0.2;-0.2;-0.3
699;Monible;38.0;241;15;21;;-9.0;-9.5;-8.0;-6.3;-7.0;-6.2;-4.5;-5.3;-4.6;-6.4
437;Mont-Tramelan;120.0;241;7;21;;-2.6;-5.0;-4.9;-5.2;-4.5;-5.1;-6.3;-6.6;-6.1;-5.9
544;Moosseedorf;3620.0;246;9;9;351;1.8;1.2;1.8;0.7;0.4;0.1;0.1;-0.2;-0.6;-0.3
700;Moutier;7479.0;241;15;3;;1.7;2.4;2.0;2.2;2.0;2.1;1.4;1.8;1.0;1.3
356;Muri b.B.;12369.0;246;3;5;351;-0.4;-0.8;-1.0;-0.8;-0.9;-0.5;-0.7;-0.6;-0.7;-1.4
742;Mörigen;878.0;242;16;5;371;1.5;2.0;2.2;4.2;2.1;1.7;1.4;1.3;0.3;-0.4
416;Mötschwil;142.0;245;6;22;;-1.4;-0.9;-0.9;0.0;-0.6;-0.8;0.7;-1.1;0.4;0.1
668;Mühleberg;2668.0;246;14;20;;-1.8;-1.2;-1.3;-0.8;-1.1;-1.9;-2.2;-2.4;-2.2;-2.3
875;Mühledorf;248.0;246;22;20;;-3.0;-2.9;-3.3;-3.4;-1.9;-5.7;-6.4;-4.7;-4.4;-3.2
876;Mühlethurnen;1377.0;246;22;15;;3.9;2.8;1.8;2.0;1.5;1.0;0.8;1.1;1.1;1.2
545;Mülchi;234.0;246;9;16;;-3.2;-9.4;-2.0;-3.2;-7.2;-6.5;-7.9;-6.2;-4.9;-4.6
546;Münchenbuchsee;9703.0;246;9;9;351;-0.4;-0.5;-0.7;-0.8;-0.8;0.2;0.4;0.0;-0.3;0.0
669;Münchenwiler;468.0;246;14;15;;0.8;-0.5;-0.6;-0.6;1.4;-1.9;-2.3;-1.9;-1.5;-1.3
547;Münchringen;593.0;246;9;15;;-1.3;-0.7;-1.1;-0.8;-1.1;-1.1;-1.1;-0.8;-0.6;-1.1
616;Münsingen;10841.0;246;12;9;351;0.6;-0.8;-0.9;-0.5;-0.7;-0.5;-0.5;-0.4;-0.3;-0.4
498;Müntschemier;1330.0;243;8;20;;3.1;1.7;2.0;1.9;2.0;1.4;0.2;0.2;-1.4;-1.4
670;Neuenegg;4913.0;246;14;11;351;1.2;1.2;-0.2;-0.1;-0.9;-0.1;-1.0;-1.1;-0.9;-0.8
743;Nidau;6816.0;242;16;12;371;-2.9;-0.6;-2.5;-2.3;-1.8;-3.2;-3.2;-2.2;-2.9;-2.9
981;Niederbipp;4211.0;244;26;17;;-1.2;-1.3;-1.0;-0.4;-0.6;-2.4;-2.9;-2.3;-2.4;-1.9
617;Niederhünigen;641.0;246;12;15;;-6.8;-8.6;-8.2;-7.6;-7.5;-7.9;-6.4;-6.8;-7.0;-5.8
877;Niedermuhlern;505.0;246;22;21;;-0.6;-0.7;-0.8;-2.3;-1.8;-2.3;-2.5;-2.4;-0.4;-2.0
588;Niederried b.I.;338.0;250;11;15;;-1.2;-2.9;-1.4;-2.1;-2.3;-2.3;-2.6;-2.2;-2.0;-1.9
308;Niederried b.K.;297.0;243;1;15;;-5.0;-5.0;-7.5;-6.4;-4.7;-4.6;-5.4;-4.0;-6.0;-7.0
764;Niederstocken;257.0;247;17;15;;-2.7;-2.7;-2.4;-2.6;-3.3;-3.2;-3.1;-4.0;-2.8;-3.7
618;Niederwichtrach;0.0;246;12;11;;-0.5;-1.0;0.00;0.00;0.00;0.00;0.00;0.00;0.00;0.00
982;Niederönz;1554.0;244;26;15;;-9.0;-6.9;-5.4;-4.2;-2.9;-3.6;-4.0;-3.6;-2.2;-1.7
417;Niederösch;240.0;245;6;21;;2.8;-2.0;-1.5;-0.7;-1.0;-2.8;-2.6;-0.7;-1.7;-3.1
724;Nods;742.0;241;13;20;;-2.2;-1.0;1.8;2.2;2.8;1.4;0.3;0.8;0.1;0.7
878;Noflen;260.0;246;22;21;;-3.4;-2.3;-1.3;-1.8;-1.6;-2.3;-2.4;-2.4;-2.1;-2.6
357;Oberbalm;869.0;246;3;21;;-2.2;-3.3;-4.5;-4.5;-4.1;-2.3;-2.2;-2.2;-1.7;-2.8
983;Oberbipp;1568.0;244;26;15;;0.2;0.1;-0.4;-0.2;-0.6;-0.9;-1.1;-0.5;-0.7;-1.2
418;Oberburg;2875.0;245;6;13;404;2.4;-0.3;-1.1;3.1;-1.5;-1.6;-1.4;-0.8;-1.2;-1.2
619;Oberdiessbach;3102.0;246;12;17;;-4.5;-4.9;-5.5;-5.0;-5.3;-5.5;-5.8;-4.0;-3.9;-3.6
934;Oberhofen;2354.0;247;24;14;942;-0.9;-0.5;-0.2;-0.2;-0.3;-0.4;-0.1;0.4;0.4;0.5
629;Oberhünigen;326.0;246;12;21;;-1.8;-1.8;-1.6;0.1;0.9;-0.4;-0.3;1.3;-0.3;0.7
935;Oberlangenegg;486.0;247;24;21;;-4.9;-8.1;-9.8;-0.7;-4.8;-4.6;-5.4;-5.0;-7.9;-8.1
589;Oberried a.Br.-S.;479.0;250;11;17;;-1.9;-1.8;-2.1;-2.7;-1.8;-1.9;-3.1;-3.2;-2.8;-2.8
334;Obersteckholz;423.0;244;2;16;;-4.0;-4.0;-3.0;-2.5;-2.1;-2.7;-2.8;-1.1;-0.6;-1.2
765;Oberstocken;282.0;247;17;15;;-1.9;-1.7;-1.6;-1.8;-1.5;-1.4;-2.5;-0.5;2.8;0.3
620;Oberthal;781.0;246;12;21;;-1.5;-2.0;-2.4;-1.9;-1.6;-1.2;-1.1;-1.3;-1.4;-1.5
621;Oberwichtrach;0.0;246;12;10;;0.5;0.7;0.00;0.00;0.00;0.00;0.00;0.00;0.00;0.00
391;Oberwil b.B.;809.0;243;5;16;;2.5;2.9;2.2;2.0;2.0;1.7;1.6;1.3;1.1;0.4
766;Oberwil i.S.;795.0;249;17;21;;-1.6;-1.5;-1.3;-1.4;-1.4;-1.6;-1.9;-0.9;-0.9;-1.0
984;Oberönz;0.0;244;26;15;;-0.3;-0.4;-0.4;-0.6;-0.7;-1.3;0.00;0.00;0.00;0.00
419;Oberösch;112.0;245;6;21;;-2.4;-2.4;-3.2;-3.5;-2.7;-3.2;-2.7;-1.1;-1.1;-2.2
985;Ochlenberg;586.0;244;26;21;;-4.0;-3.7;-3.6;-4.0;-2.4;-7.8;-7.8;-8.3;-8.6;-7.6
335;Oeschenbach;237.0;244;2;21;;-0.5;-0.4;-2.7;-1.8;-0.7;-3.0;-5.2;-2.3;-4.0;-4.5
622;Oppligen;669.0;246;12;15;;0.1;-1.1;-1.9;-2.2;-2.0;-2.1;-2.1;-1.9;-2.0;-2.1
744;Orpund;2637.0;242;16;13;371;2.5;2.9;2.0;1.8;2.1;1.8;1.5;1.2;1.3;0.8
438;Orvin;1196.0;241;7;17;;2.5;2.3;4.2;0.6;1.6;0.3;0.2;-0.1;-0.6;-0.5
363;Ostermundigen;15436.0;246;3;10;351;2.7;1.7;1.5;1.3;1.3;0.9;1.2;1.6;1.6;1.3
701;Perrefitte;471.0;241;15;15;;1.6;0.9;0.5;1.1;0.8;0.8;0.9;0.00;0.2;-1.1
392;Pieterlen;3633.0;242;5;13;371;2.0;1.7;1.6;1.4;1.5;1.3;1.1;0.8;0.6;0.4
440;Plagne;364.0;241;7;14;371;-1.5;-1.3;-0.5;-1.4;-1.8;-3.0;-0.9;-3.0;-3.8;-4.3
936;Pohlern;278.0;247;24;15;;-3.6;-3.1;-1.7;3.0;-1.5;-1.7;-2.5;0.8;-1.1;-2.8
702;Pontenet;216.0;241;15;15;;-0.8;-1.6;-1.2;-1.1;-2.2;-5.8;-1.6;-2.0;-1.9;-2.1
745;Port;3302.0;242;16;14;371;2.3;2.0;1.0;0.8;0.6;-0.0;0.1;0.1;-0.2;-0.4
725;Prêles;908.0;241;13;17;;1.1;0.6;0.8;0.7;2.2;-0.5;-1.3;-0.9;-0.2;-1.2
439;Péry;1359.0;241;7;15;;1.6;1.4;1.0;0.2;0.2;-2.5;0.00;0.3;-4.1;-0.0
309;Radelfingen;1176.0;243;1;16;;-1.4;-1.4;-2.5;-1.8;-1.8;-1.5;-0.8;-3.2;-1.0;-0.6
310;Rapperswil;2129.0;243;1;20;;-2.2;-3.2;-3.1;-2.4;-3.1;-3.4;-3.8;-3.9;-3.4;-3.6
715;Rebévelier;47.0;241;15;22;;-13.4;-9.6;-6.0;-9.7;-9.9;-9.1;-11.9;-9.2;-9.5;-10.3
703;Reconvilier;2213.0;241;15;18;;0.2;1.0;0.7;0.7;-0.0;0.3;-1.9;-1.4;-1.3;-1.4
567;Reichenbach i.K.;3452.0;249;10;19;;1.3;1.5;0.7;0.8;2.3;3.0;1.4;0.6;3.9;1.0
336;Reisiswil;191.0;244;2;21;;-0.0;-0.6;-1.2;-1.4;-1.4;-0.5;-4.5;-3.6;-2.8;-3.2
441;Renan;838.0;241;7;20;;3.9;3.6;2.3;3.8;4.7;2.2;4.8;5.5;5.4;4.1
767;Reutigen;963.0;247;17;20;;1.0;-0.3;0.3;-1.0;-1.5;-1.2;-2.3;-1.9;-2.2;-2.5
879;Riggisberg;2406.0;246;22;8;;1.4;1.8;1.0;0.2;0.2;0.00;0.1;0.5;-0.0;0.0
590;Ringgenberg;2523.0;250;11;14;;3.9;2.4;1.4;0.9;0.0;-0.2;-0.1;-0.5;-0.3;-1.5
704;Roches;228.0;241;15;22;;4.6;5.9;3.1;4.0;2.2;4.1;4.4;1.1;1.4;-0.8
337;Roggwil;3865.0;244;2;17;;0.4;0.1;-0.1;0.00;-0.4;-1.6;-3.1;-2.4;-2.9;-2.8
338;Rohrbach;1431.0;244;2;16;;1.5;1.4;0.6;0.9;-0.1;-1.6;5.6;-1.4;-1.0;-1.4
339;Rohrbachgraben;423.0;244;2;21;;1.0;1.3;1.7;1.8;0.6;1.7;1.5;-0.5;-0.2;0.5
442;Romont;205.0;241;7;16;;-2.5;-4.3;-3.5;-2.7;-4.0;-3.8;-5.3;-3.4;-3.8;-3.8
623;Rubigen;2865.0;246;12;11;351;5.2;4.2;3.9;3.7;0.6;0.4;1.4;0.1;0.4;-0.2
421;Rumendingen;77.0;245;6;8;;-12.1;-11.2;-10.0;-13.5;-14.0;-11.9;-13.5;-10.9;-9.0;-8.8
987;Rumisberg;476.0;244;26;15;;0.9;0.0;-0.9;-1.1;-2.0;-1.4;-0.9;-0.9;-0.7;-0.1
548;Ruppoldsried;259.0;243;9;16;;0.7;-0.2;-0.6;-2.3;-1.8;-1.8;-1.8;-1.3;-1.4;-1.7
986;Röthenbach b.H.;0.0;244;26;19;;-4.4;-4.2;-6.2;-3.7;-1.8;-6.0;-6.7;0.00;0.00;0.00
904;Röthenbach i.E.;1272.0;245;23;21;;-0.8;-0.7;-0.4;-0.9;-0.8;-0.8;-0.6;-0.7;-0.1;-0.5
905;Rüderswil;2405.0;245;23;19;;-0.9;-1.7;-2.4;-2.4;-2.1;-2.4;-2.6;-1.5;-2.6;-2.0
420;Rüdtligen-Alchenflüh;2179.0;245;6;13;404;-0.2;-0.2;-0.9;-1.4;-1.6;-8.8;-8.1;-7.3;-7.2;-6.7
880;Rüeggisberg;1855.0;246;22;21;;1.0;0.8;0.4;0.3;-1.9;-1.9;-1.8;-1.5;-0.4;-1.8
956;Rüegsau;3062.0;245;25;20;;1.7;1.5;5.9;1.2;0.6;1.2;-0.2;-0.1;0.4;-0.6
881;Rümligen;450.0;246;22;20;;1.3;0.6;1.2;-0.1;0.2;-0.7;-1.6;-2.1;3.2;-1.5
853;Rüschegg;1689.0;246;21;20;;1.4;0.8;1.0;0.4;0.9;-0.1;-1.0;-1.6;-2.4;-0.9
393;Rüti b.B.;835.0;243;5;16;;1.8;1.0;0.9;0.7;0.6;0.4;-0.0;0.2;-0.1;-0.1
422;Rüti b.L.;162.0;245;6;15;;-3.7;-4.2;-4.6;-4.4;-3.4;-3.0;-1.3;-2.4;-2.2;-2.1
882;Rüti b.R.;0.0;246;22;21;;0.5;0.2;-0.2;-0.3;-0.4;-0.2;-0.6;0.00;0.00;0.00
340;Rütschelen;564.0;244;2;19;;-8.4;-3.9;-5.4;-4.8;-3.6;-6.6;3.8;-3.3;-4.0;-4.1
843;Saanen;7240.0;248;20;6;;0.8;0.3;0.8;-0.1;0.5;-0.1;-0.8;-0.0;-1.1;-0.4
746;Safnern;1881.0;242;16;14;371;0.9;0.5;-0.6;-0.5;0.3;-1.1;-0.8;0.1;-0.3;-0.7
706;Saicourt;600.0;241;15;20;;-2.8;-3.2;-3.4;-3.6;-2.8;-3.3;-2.9;-2.9;-2.7;-3.0
443;Saint-Imier;4802.0;241;7;4;;-0.0;-0.1;0.2;0.1;0.7;0.1;0.1;-0.2;0.4;0.3
707;Saules;153.0;241;15;19;;2.6;3.0;1.8;1.8;1.8;1.5;1.8;1.8;2.2;1.7
591;Saxeten;101.0;250;11;19;;7.7;-4.1;-3.4;-7.0;-3.4;-5.2;-4.2;1.8;-3.6;-2.3
549;Schalunen;366.0;246;9;11;351;-0.8;-1.4;-1.7;-0.5;-1.4;-3.4;-2.5;-2.2;-2.1;-2.5
906;Schangnau;925.0;245;23;21;;1.6;2.4;1.1;2.0;2.0;1.9;1.2;1.3;-0.2;-0.3
786;Schattenhalb;600.0;250;18;8;;-1.3;-0.8;-0.5;-0.1;0.2;0.0;-0.5;-0.2;-0.6;-0.4
708;Schelten;40.0;241;15;21;;-11.3;-16.3;-14.9;-12.2;-11.4;-15.0;-13.0;-24.4;-21.5;-20.5
550;Scheunen;84.0;246;9;21;;-4.2;-2.7;-0.7;-0.9;-1.3;-1.4;-1.3;-0.7;-1.1;-1.0
747;Scheuren;440.0;242;16;14;371;-2.3;-3.0;-3.7;-2.0;-1.4;-3.2;-2.1;-1.4;-1.1;-1.5
624;Schlosswil;657.0;246;12;15;;-5.2;-2.4;-3.7;-2.8;-0.7;-1.4;1.9;1.1;-1.7;2.0
748;Schwadernau;651.0;242;16;14;371;1.6;1.3;0.8;0.2;-0.6;-1.4;-1.3;0.1;-0.3;-0.2
592;Schwanden b.B.;603.0;250;11;15;;-4.8;-3.6;-3.3;-4.1;-4.2;-3.6;-4.6;-3.6;-4.3;-1.4
855;Schwarzenburg;6711.0;246;21;4;;0.00;0.00;0.00;0.00;0.00;0.00;0.00;0.00;0.00;-0.6
341;Schwarzhäusern;485.0;244;2;15;;-2.1;-2.0;-2.2;-2.0;-1.2;-4.1;-4.0;-3.9;-3.4;-2.5
937;Schwendibach;254.0;247;24;15;;-1.6;-2.7;-3.3;-3.1;-2.7;-4.2;-2.2;-4.2;-7.2;-5.0
311;Schüpfen;3530.0;243;1;11;351;1.8;1.5;0.1;0.1;-0.1;-1.1;-1.2;-1.2;-1.2;-0.4
988;Seeberg;1389.0;244;26;20;;0.9;7.2;-0.6;1.4;-0.3;-2.9;-3.4;-4.6;-2.7;-4.0
312;Seedorf;2987.0;243;1;20;;1.5;1.5;0.9;0.9;1.0;0.8;0.8;0.4;0.3;2.2
709;Seehof;71.0;241;15;21;;-4.9;-5.1;-5.5;-5.6;-1.7;-4.2;-8.8;-4.5;-7.2;-1.3
883;Seftigen;2110.0;247;22;14;942;-0.0;0.3;0.8;0.2;1.6;0.7;0.5;-0.2;-0.2;-1.0
907;Signau;2749.0;245;23;19;;2.4;2.0;1.8;1.3;1.0;0.7;0.6;1.0;0.6;0.7
938;Sigriswil;4633.0;247;24;7;;3.0;1.8;1.2;1.1;0.7;-0.1;-0.1;-0.0;-0.2;0.0
499;Siselen;580.0;243;8;20;;3.4;-0.5;-2.4;-2.7;-1.5;0.7;-1.2;-1.6;-1.2;-1.3
444;Sonceboz;1804.0;241;7;18;;2.0;1.7;1.1;0.3;0.6;0.6;0.0;0.5;0.1;1.2
445;Sonvilier;1192.0;241;7;19;;2.7;4.4;4.4;2.5;2.6;3.5;4.0;2.0;3.2;2.6
710;Sornetan;131.0;241;15;21;;-0.9;-3.4;-0.4;-1.3;-3.7;-3.0;-3.2;-4.2;-3.3;-4.8
711;Sorvilier;268.0;241;15;19;;6.2;5.3;3.1;2.4;0.2;0.4;2.3;1.9;1.5;-0.7
712;Souboz;134.0;241;15;21;;-7.3;-0.2;-6.6;-3.0;-1.9;-2.1;-2.9;-4.2;-4.9;-6.4
768;Spiez;12477.0;249;17;12;942;-1.1;-0.6;-1.0;-0.6;0.2;-0.7;-0.5;0.7;4.6;-0.6
793;St. Stephan;1379.0;248;19;20;;-2.1;-2.3;-2.1;-1.2;-1.5;-2.0;-3.4;-1.9;-0.7;-2.4
939;Steffisburg;15423.0;247;24;13;942;3.0;0.8;0.8;0.1;6.3;-0.2;-0.4;-0.4;-0.7;-0.8
358;Stettlen;2891.0;246;3;10;351;0.1;0.1;-0.2;0.3;-0.2;0.2;0.4;1.8;1.1;11.5
749;Studen;2837.0;243;16;13;371;1.5;-0.3;0.3;-0.3;-1.0;-0.1;-1.1;-2.4;-1.6;-1.5
957;Sumiswald;5039.0;245;25;19;;3.9;3.8;1.8;0.5;0.5;-0.1;0.2;0.8;-1.3;-1.6
750;Sutz-Lattrigen;1352.0;242;16;14;371;1.8;1.8;1.7;1.2;1.2;0.0;-0.3;0.0;0.0;-0.1
713;Tavannes;3542.0;241;15;18;;3.5;2.9;2.6;1.7;1.6;1.4;1.4;0.8;1.8;0.8
940;Teuffenthal;168.0;247;24;21;;-0.5;-0.6;-1.2;-2.0;3.0;-2.8;-4.0;-2.9;-2.2;-2.7
941;Thierachern;2302.0;247;24;14;942;1.6;0.9;1.3;0.8;0.7;1.0;0.3;0.0;0.2;0.2
942;Thun;42623.0;247;24;2;942;1.8;-0.6;1.5;0.4;-0.2;3.3;0.4;-0.2;1.9;4.4
342;Thunstetten;3063.0;244;2;17;;1.1;1.5;1.5;1.0;0.0;-0.6;-0.6;-1.0;-1.4;-1.3
989;Thörigen;1027.0;244;26;15;;0.6;0.2;1.6;-0.6;-0.6;-3.1;-2.8;-1.9;-1.8;-2.6
884;Toffen;2457.0;246;22;11;351;0.3;0.4;0.3;0.1;0.5;0.1;6.6;-0.1;0.2;-0.1
958;Trachselwald;1024.0;245;25;21;;-1.1;-1.1;-1.3;-1.9;-1.9;-1.6;-2.3;-2.2;-2.9;-1.2
446;Tramelan;4248.0;241;7;18;;1.6;1.2;0.7;0.6;1.4;0.1;1.2;-0.1;-0.6;-0.3
500;Treiten;441.0;243;8;21;;-15.9;-16.3;-11.0;-10.0;-4.4;-11.2;-10.1;-8.5;-4.3;5.0
631;Trimstein;508.0;246;12;11;351;-3.8;-5.3;-2.8;-2.1;2.2;-3.0;-3.1;-2.3;-1.8;-2.3
908;Trub;1377.0;245;23;21;;-3.1;-2.5;-3.3;-3.6;-1.5;-2.5;-2.0;-1.3;-2.9;-2.5
909;Trubschachen;1392.0;245;23;19;;3.0;2.9;2.0;1.3;0.9;0.2;6.0;-0.2;-0.6;-0.4
501;Tschugg;449.0;243;8;8;;1.2;-1.0;-1.2;-1.3;-1.3;-1.2;-1.1;-1.8;-1.9;-2.1
753;Twann;0.0;242;16;20;;-1.8;-2.0;-2.1;-2.0;-2.2;-8.8;-3.3;-3.2;0.00;0.00
756;Twann-Tüscherz;1138.0;242;16;20;;0.00;0.00;0.00;0.00;0.00;0.00;0.00;0.00;-2.7;-2.7
625;Tägertschi;418.0;246;12;21;;-0.8;-2.8;-0.9;-2.8;-4.6;-2.1;-1.7;-1.8;-3.0;-3.0
751;Täuffelen;2655.0;243;16;17;;0.1;0.0;-0.7;-1.4;-0.6;-1.7;-2.0;-1.8;-1.8;0.8
752;Tüscherz-Alfermée;0.0;242;16;5;371;-1.3;-0.8;-1.0;-0.8;-0.2;-0.6;-1.7;-1.2;0.00;0.00
943;Uebeschi;692.0;247;24;15;;-0.3;-0.9;-1.1;-1.0;-0.6;-0.9;-0.6;4.3;-0.3;-0.6
944;Uetendorf;5946.0;247;24;12;942;-1.7;-1.7;-1.6;-1.5;-1.0;-1.3;-1.5;-2.9;-2.1;-2.0
945;Unterlangenegg;903.0;247;24;21;;4.6;0.7;1.4;0.7;0.4;-0.2;0.4;0.5;-0.1;0.2
593;Unterseen;5487.0;250;11;12;;4.6;2.9;4.7;5.3;6.3;4.9;4.2;6.3;-0.9;0.8
343;Untersteckholz;0.0;244;2;21;;4.4;-7.0;-9.5;-7.7;-2.8;-12.5;-5.8;-4.7;0.00;0.00
344;Ursenbach;908.0;244;2;19;;-2.5;-1.5;-2.2;-2.0;-0.7;-5.8;-4.5;-5.6;-3.0;-3.4
551;Urtenen;5665.0;246;9;9;351;1.9;0.6;0.7;0.5;0.6;0.5;0.2;-0.2;-0.2;-0.9
885;Uttigen;1809.0;247;22;14;942;-0.5;0.5;-1.3;-0.5;-0.3;0.4;0.8;-0.0;-0.2;0.1
552;Utzenstorf;4123.0;245;9;17;;2.3;2.0;1.9;2.0;0.8;0.7;0.6;1.0;0.9;0.9
447;Vauffelin;411.0;241;7;14;371;0.9;0.4;0.3;-0.1;-0.6;-1.2;-2.1;-1.9;-2.2;-2.1
359;Vechigen;4653.0;246;3;11;351;-0.0;0.2;-0.0;-0.4;-0.5;-0.4;-0.5;-0.6;-0.2;-0.3
448;Villeret;895.0;241;7;18;;-1.3;4.6;24.3;-0.5;-0.9;0.1;0.4;5.7;8.7;4.0
502;Vinelz;821.0;243;8;15;;2.5;0.4;0.1;-0.4;-0.5;-0.5;-0.6;-0.9;-1.2;-1.5
946;Wachseldorn;232.0;247;24;21;;-1.6;-4.7;-3.7;-3.7;-4.6;-4.3;-4.2;-3.9;-4.6;-4.5
854;Wahlern;0.0;246;21;4;;2.0;1.4;1.2;0.2;0.2;-0.1;-0.3;-0.3;-0.5;0.00
888;Wald;1191.0;246;22;8;;0.00;0.00;-0.2;-0.0;-0.7;-1.5;-2.2;11.6;-2.1;-2.0
626;Walkringen;1828.0;246;12;20;;0.3;1.6;1.1;2.3;0.9;0.7;2.1;1.3;2.2;1.0
990;Walliswil b.N.;204.0;244;26;16;;-1.8;-2.0;-2.0;-2.4;-1.4;-2.7;-3.8;-3.9;-3.0;-3.0
991;Walliswil b.W.;567.0;244;26;15;;2.8;4.3;2.9;1.2;0.8;0.5;-1.0;-3.2;-6.3;-6.2
754;Walperswil;938.0;243;16;19;;3.0;1.6;-0.8;-1.0;-0.0;-1.5;-1.4;-1.4;-1.5;-1.2
959;Walterswil;539.0;244;25;21;;-2.6;-2.1;-2.0;-1.8;-2.0;-4.0;-4.3;-3.9;-3.3;-2.9
992;Wangen a.A.;2088.0;244;26;17;;-0.1;-0.8;-0.5;-0.3;-0.5;-1.3;-1.4;-1.6;-1.3;-1.0
993;Wangenried;395.0;244;26;16;;3.8;0.4;0.1;-1.0;-0.8;-0.2;-0.0;0.1;0.4;2.2
994;Wanzwil;0.0;244;26;18;;0.0;-0.3;-0.2;-0.5;-0.4;-0.8;-1.2;0.00;0.00;0.00
886;Wattenwil;2692.0;247;22;17;;1.3;1.8;1.9;1.8;1.8;1.4;1.5;1.3;1.1;0.9
394;Wengi;612.0;243;5;20;;-0.4;-1.3;-1.2;-1.2;-1.9;-2.6;-2.9;-3.3;-0.6;-4.6
632;Wichtrach;4018.0;246;12;10;351;0.00;0.00;0.1;0.0;-0.2;-0.2;-0.3;-0.8;-0.6;-0.8
995;Wiedlisbach;2191.0;244;26;8;;0.9;3.2;0.0;-0.5;-0.8;-1.6;-2.2;-1.6;-1.0;-0.5
553;Wiggiswil;100.0;246;9;21;;-6.2;-13.3;-8.6;-14.9;-15.4;-46.4;-18.3;-30.3;-11.1;-5.9
594;Wilderswil;2487.0;250;11;6;;0.9;0.7;0.5;0.1;1.1;-0.8;0.4;0.5;0.4;0.4
554;Wiler b.U.;817.0;245;9;15;;-2.7;-2.4;-2.0;-2.7;-3.1;-2.2;-2.7;-2.9;-2.9;-2.8
671;Wileroltigen;390.0;246;14;21;;-6.4;-6.4;-6.2;-4.0;-2.8;-6.9;-5.8;-5.2;-5.6;-5.9
423;Willadingen;201.0;245;6;15;;-4.1;-3.2;-4.0;-4.2;-5.0;-6.0;-3.8;-3.8;-4.2;-3.3
769;Wimmis;2413.0;249;17;17;;2.6;2.1;1.2;1.2;1.2;1.8;0.6;0.3;0.5;-0.1
360;Wohlen b.B.;8877.0;246;3;11;351;0.2;-0.4;-0.7;-0.7;-1.1;-0.8;-1.1;-1.2;-1.3;-1.4
996;Wolfisberg;198.0;244;26;16;;-1.5;0.5;-1.4;-1.3;-1.2;-1.3;-1.3;-3.2;-3.3;-1.5
627;Worb;11236.0;246;12;10;351;1.2;0.6;0.5;-0.0;-0.4;-0.4;-0.3;-0.1;-0.0;-0.2
755;Worben;2288.0;243;16;8;371;1.7;1.4;0.5;0.1;0.4;0.9;1.1;0.8;1.1;-0.2
345;Wynau;1551.0;244;2;15;;2.9;10.3;1.1;2.2;2.7;0.7;0.7;0.6;1.7;2.0
424;Wynigen;2014.0;245;6;20;;-1.9;-2.4;-1.3;-1.3;-1.4;-2.5;-3.0;-2.8;-2.2;-1.6
960;Wyssachen;1161.0;244;25;19;;1.9;1.9;1.0;1.1;0.6;-0.7;-0.2;-0.9;-0.7;-0.5
555;Zauggenried;316.0;246;9;20;;-4.1;-4.5;-3.9;-3.5;-3.6;-3.9;-4.6;-4.4;-6.2;-5.7
556;Zielebach;329.0;245;9;14;;-0.6;-1.7;-2.7;-1.7;-0.9;-0.9;-1.0;-2.6;-3.2;-1.0
887;Zimmerwald;0.0;246;22;21;;1.2;0.5;0.00;0.00;0.00;0.00;0.00;0.00;0.00;0.00
361;Zollikofen;9792.0;246;3;9;351;0.5;-0.5;-0.2;-0.3;-0.9;-1.0;-1.5;-1.4;-1.5;-1.5
557;Zuzwil;578.0;246;9;15;;-0.8;-0.8;0.6;-0.8;-0.8;-1.5;-1.4;1.0;1.6;-0.3
794;Zweisimmen;2998.0;248;19;4;;-0.4;0.1;-0.2;-0.3;-0.2;-0.2;-1.1;-0.7;-0.7;-0.7
947;Zwieselberg;280.0;247;24;16;;-0.0;1.0;-0.6;-2.2;-4.1;4.2;-3.3;-3.1;-4.2;-4.1
628;Zäziwil;1591.0;246;12;15;;1.2;0.3;0.6;0.2;-0.2;-1.1;-1.4;-2.7;-2.4;-2.6

