name,link,flag
Aarberg,/wiki/Aarberg,//upload.wikimedia.org/wikipedia/commons/thumb/f/ff/Aarberg-coat_of_arms.svg/35px-Aarberg-coat_of_arms.svg.png
Aarwangen,/wiki/Aarwangen,//upload.wikimedia.org/wikipedia/commons/thumb/1/13/Aarwangen-coat_of_arms.svg/35px-Aarwangen-coat_of_arms.svg.png
Adelboden,/wiki/Adelboden,//upload.wikimedia.org/wikipedia/commons/thumb/6/67/Adelboden-coat_of_arms.svg/35px-Adelboden-coat_of_arms.svg.png
Aefligen,/wiki/Aefligen,//upload.wikimedia.org/wikipedia/commons/thumb/2/28/Aefligen-coat_of_arms.svg/35px-Aefligen-coat_of_arms.svg.png
Aegerten,/wiki/Aegerten,//upload.wikimedia.org/wikipedia/commons/thumb/7/77/Aegerten-coat_of_arms.svg/35px-Aegerten-coat_of_arms.svg.png
Aeschi bei Spiez,/wiki/Aeschi_bei_Spiez,//upload.wikimedia.org/wikipedia/commons/thumb/4/41/Aeschi_bei_Spiez-coat_of_arms.svg/35px-Aeschi_bei_Spiez-coat_of_arms.svg.png
Affoltern im Emmental,/wiki/Affoltern_im_Emmental,//upload.wikimedia.org/wikipedia/commons/thumb/d/d6/Affoltern_im_Emmental-coat_of_arms.svg/35px-Affoltern_im_Emmental-coat_of_arms.svg.png
Alchenstorf,/wiki/Alchenstorf,//upload.wikimedia.org/wikipedia/commons/thumb/7/75/Alchenstorf-coat_of_arms.svg/35px-Alchenstorf-coat_of_arms.svg.png
Allmendingen,/wiki/Allmendingen_bei_Bern,//upload.wikimedia.org/wikipedia/commons/thumb/f/fd/Allmendingen-coat_of_arms.svg/35px-Allmendingen-coat_of_arms.svg.png
Amsoldingen,/wiki/Amsoldingen,//upload.wikimedia.org/wikipedia/commons/thumb/1/18/Amsoldingen-coat_of_arms.svg/35px-Amsoldingen-coat_of_arms.svg.png
Arch,/wiki/Arch,//upload.wikimedia.org/wikipedia/commons/thumb/1/1a/Arch-coat_of_arms.svg/35px-Arch-coat_of_arms.svg.png
Arni,/wiki/Arni_BE,//upload.wikimedia.org/wikipedia/commons/thumb/2/26/Arni_bei_Biglen-coat_of_arms.svg/35px-Arni_bei_Biglen-coat_of_arms.svg.png
Attiswil,/wiki/Attiswil,//upload.wikimedia.org/wikipedia/commons/thumb/4/4c/Attiswil-coat_of_arms.svg/35px-Attiswil-coat_of_arms.svg.png
Auswil,/wiki/Auswil,//upload.wikimedia.org/wikipedia/commons/thumb/a/a1/Auswil-coat_of_arms.svg/35px-Auswil-coat_of_arms.svg.png
Bangerten,/wiki/Bangerten,//upload.wikimedia.org/wikipedia/commons/thumb/0/02/Bangerten-coat_of_arms.svg/35px-Bangerten-coat_of_arms.svg.png
Bannwil,/wiki/Bannwil,//upload.wikimedia.org/wikipedia/commons/thumb/0/08/Bannwil-coat_of_arms.svg/35px-Bannwil-coat_of_arms.svg.png
Bargen,/wiki/Bargen_BE,//upload.wikimedia.org/wikipedia/commons/thumb/7/76/Bargen-coat_of_arms.svg/35px-Bargen-coat_of_arms.svg.png
Bäriswil,/wiki/B%C3%A4riswil,//upload.wikimedia.org/wikipedia/commons/thumb/a/ae/B%C3%A4riswil-coat_of_arms.svg/35px-B%C3%A4riswil-coat_of_arms.svg.png
Bätterkinden,/wiki/B%C3%A4tterkinden,//upload.wikimedia.org/wikipedia/commons/thumb/7/70/B%C3%A4tterkinden-coat_of_arms.svg/35px-B%C3%A4tterkinden-coat_of_arms.svg.png
Beatenberg,/wiki/Beatenberg,//upload.wikimedia.org/wikipedia/commons/thumb/8/8c/Beatenberg-coat_of_arms.svg/35px-Beatenberg-coat_of_arms.svg.png
Bellmund,/wiki/Bellmund,//upload.wikimedia.org/wikipedia/commons/thumb/8/82/Bellmund-coat_of_arms.svg/35px-Bellmund-coat_of_arms.svg.png
Belp,/wiki/Belp,//upload.wikimedia.org/wikipedia/commons/thumb/0/0c/Belp-coat_of_arms.svg/35px-Belp-coat_of_arms.svg.png
Belprahon,/wiki/Belprahon,//upload.wikimedia.org/wikipedia/commons/thumb/f/f3/Belprahon-coat_of_arms.svg/35px-Belprahon-coat_of_arms.svg.png
Berken,/wiki/Berken,//upload.wikimedia.org/wikipedia/commons/thumb/4/49/Berken-coat_of_arms.svg/35px-Berken-coat_of_arms.svg.png
Bern,/wiki/Bern,//upload.wikimedia.org/wikipedia/commons/thumb/3/3f/Berne-coat_of_arms.svg/35px-Berne-coat_of_arms.svg.png
Bettenhausen,/wiki/Bettenhausen_BE,//upload.wikimedia.org/wikipedia/commons/thumb/3/3d/Bettenhausen-coat_of_arms.svg/35px-Bettenhausen-coat_of_arms.svg.png
Bévilard,/wiki/B%C3%A9vilard,//upload.wikimedia.org/wikipedia/commons/thumb/e/ef/B%C3%A9vilard-coat_of_arms.svg/35px-B%C3%A9vilard-coat_of_arms.svg.png
Biel/Bienne,/wiki/Biel/Bienne,//upload.wikimedia.org/wikipedia/commons/thumb/e/e8/Biel-coat_of_arms.svg/35px-Biel-coat_of_arms.svg.png
Biglen,/wiki/Biglen,//upload.wikimedia.org/wikipedia/commons/thumb/e/e2/Biglen-coat_of_arms_.svg/35px-Biglen-coat_of_arms_.svg.png
Bleienbach,/wiki/Bleienbach,//upload.wikimedia.org/wikipedia/commons/thumb/6/60/Bleienbach-coat_of_arms.svg/35px-Bleienbach-coat_of_arms.svg.png
Bleiken bei Oberdiessbach,/wiki/Bleiken_bei_Oberdiessbach,//upload.wikimedia.org/wikipedia/commons/thumb/5/58/Bleiken_bei_Oberdiessbach-coat_of_arms.svg/35px-Bleiken_bei_Oberdiessbach-coat_of_arms.svg.png
Blumenstein,/wiki/Blumenstein_BE,//upload.wikimedia.org/wikipedia/commons/thumb/6/60/Blumenstein-coat_of_arms.svg/35px-Blumenstein-coat_of_arms.svg.png
Bolligen,/wiki/Bolligen,//upload.wikimedia.org/wikipedia/commons/thumb/f/f8/Bolligen-coat_of_arms.svg/35px-Bolligen-coat_of_arms.svg.png
Boltigen,/wiki/Boltigen,//upload.wikimedia.org/wikipedia/commons/thumb/0/04/Boltigen-coat_of_arms.svg/35px-Boltigen-coat_of_arms.svg.png
Bönigen,/wiki/B%C3%B6nigen,//upload.wikimedia.org/wikipedia/commons/thumb/6/65/B%C3%B6nigen-coat_of_arms.svg/35px-B%C3%B6nigen-coat_of_arms.svg.png
Bowil,/wiki/Bowil,//upload.wikimedia.org/wikipedia/commons/thumb/a/af/Bowil-coat_of_arms.svg/35px-Bowil-coat_of_arms.svg.png
Bremgarten bei Bern,/wiki/Bremgarten_bei_Bern,//upload.wikimedia.org/wikipedia/commons/thumb/1/18/Bremgarten_bei_Bern-coat_of_arms.svg/35px-Bremgarten_bei_Bern-coat_of_arms.svg.png
Brenzikofen,/wiki/Brenzikofen,//upload.wikimedia.org/wikipedia/commons/thumb/6/67/Brenzikofen-coat_of_arms.svg/35px-Brenzikofen-coat_of_arms.svg.png
Brienz,/wiki/Brienz_BE,//upload.wikimedia.org/wikipedia/commons/thumb/c/c9/Brienz-coat_of_arms.svg/35px-Brienz-coat_of_arms.svg.png
Brienzwiler,/wiki/Brienzwiler,//upload.wikimedia.org/wikipedia/commons/thumb/d/dd/Brienzwiler-coat_of_arms.svg/35px-Brienzwiler-coat_of_arms.svg.png
Brügg,/wiki/Br%C3%BCgg,//upload.wikimedia.org/wikipedia/commons/thumb/c/c6/Br%C3%BCgg-coat_of_arms.svg/35px-Br%C3%BCgg-coat_of_arms.svg.png
Brüttelen,/wiki/Br%C3%BCttelen,//upload.wikimedia.org/wikipedia/commons/thumb/d/d5/Br%C3%BCttelen-coat_of_arms.svg/35px-Br%C3%BCttelen-coat_of_arms.svg.png
Buchholterberg,/wiki/Buchholterberg,//upload.wikimedia.org/wikipedia/commons/thumb/f/f1/Buchholterberg-coat_of_arms.svg/35px-Buchholterberg-coat_of_arms.svg.png
Büetigen,/wiki/B%C3%BCetigen,//upload.wikimedia.org/wikipedia/commons/thumb/6/6c/B%C3%BCetigen-coat_of_arms.svg/35px-B%C3%BCetigen-coat_of_arms.svg.png
Bühl,/wiki/B%C3%BChl_BE,//upload.wikimedia.org/wikipedia/commons/thumb/6/69/B%C3%BChl_bei_Aarberg-coat_of_arms.svg/35px-B%C3%BChl_bei_Aarberg-coat_of_arms.svg.png
Büren an der Aare,/wiki/B%C3%BCren_an_der_Aare,//upload.wikimedia.org/wikipedia/commons/thumb/4/43/B%C3%BCren-coat_of_arms.svg/35px-B%C3%BCren-coat_of_arms.svg.png
Büren zum Hof,/wiki/B%C3%BCren_zum_Hof,//upload.wikimedia.org/wikipedia/commons/thumb/6/6d/B%C3%BCren_zum_Hof-coat_of_arms.svg/35px-B%C3%BCren_zum_Hof-coat_of_arms.svg.png
Burgdorf,/wiki/Burgdorf_BE,//upload.wikimedia.org/wikipedia/commons/thumb/f/fc/Burgdorf-coat_of_arms.svg/35px-Burgdorf-coat_of_arms.svg.png
Burgistein,/wiki/Burgistein,//upload.wikimedia.org/wikipedia/commons/thumb/e/e9/Burgistein-coat_of_arms.svg/35px-Burgistein-coat_of_arms.svg.png
Busswil bei Melchnau,/wiki/Busswil_bei_Melchnau,//upload.wikimedia.org/wikipedia/commons/thumb/3/36/Busswil_bei_Melchnau-coat_of_arms.svg/35px-Busswil_bei_Melchnau-coat_of_arms.svg.png
Champoz,/wiki/Champoz,//upload.wikimedia.org/wikipedia/commons/thumb/9/92/Champoz-coat_of_arms.svg/35px-Champoz-coat_of_arms.svg.png
Châtelat,/wiki/Ch%C3%A2telat,//upload.wikimedia.org/wikipedia/commons/thumb/3/32/Ch%C3%A2telat-coat_of_arms.svg/35px-Ch%C3%A2telat-coat_of_arms.svg.png
Clavaleyres,/wiki/Clavaleyres,//upload.wikimedia.org/wikipedia/commons/thumb/d/d8/Clavaleyres-coat_of_arms.svg/35px-Clavaleyres-coat_of_arms.svg.png
Corcelles,/wiki/Corcelles_BE,//upload.wikimedia.org/wikipedia/commons/thumb/4/4c/Corcelles-BE-coat-of-arms.svg/35px-Corcelles-BE-coat-of-arms.svg.png
Corgémont,/wiki/Corg%C3%A9mont,//upload.wikimedia.org/wikipedia/commons/thumb/6/6f/Corg%C3%A9mont-coat_of_arms.svg/35px-Corg%C3%A9mont-coat_of_arms.svg.png
Cormoret,/wiki/Cormoret,//upload.wikimedia.org/wikipedia/commons/thumb/d/da/Cormoret-coat_of_arms.svg/35px-Cormoret-coat_of_arms.svg.png
Cortébert,/wiki/Cort%C3%A9bert,//upload.wikimedia.org/wikipedia/commons/thumb/6/66/Cort%C3%A9bert-coat_of_arms.svg/35px-Cort%C3%A9bert-coat_of_arms.svg.png
Court,/wiki/Court_BE,//upload.wikimedia.org/wikipedia/commons/thumb/2/27/Court-coat_of_arms.svg/35px-Court-coat_of_arms.svg.png
Courtelary,/wiki/Courtelary,//upload.wikimedia.org/wikipedia/commons/thumb/d/de/Courtelary-coat_of_arms.svg/35px-Courtelary-coat_of_arms.svg.png
Crémines,/wiki/Cr%C3%A9mines,//upload.wikimedia.org/wikipedia/commons/thumb/b/b8/Cremines-coat_of_arms.svg/35px-Cremines-coat_of_arms.svg.png
Därligen,/wiki/D%C3%A4rligen,//upload.wikimedia.org/wikipedia/commons/thumb/b/bd/D%C3%A4rligen-coat_of_arms.svg/35px-D%C3%A4rligen-coat_of_arms.svg.png
Därstetten,/wiki/D%C3%A4rstetten,//upload.wikimedia.org/wikipedia/commons/thumb/b/b3/D%C3%A4rstetten-coat_of_arms.svg/35px-D%C3%A4rstetten-coat_of_arms.svg.png
"Deisswil bei
Münchenbuchsee",/wiki/Deisswil_bei_M%C3%BCnchenbuchsee,//upload.wikimedia.org/wikipedia/commons/thumb/d/d5/Deisswil_bei_M%C3%BCnchenbuchsee-coat_of_arms.svg/35px-Deisswil_bei_M%C3%BCnchenbuchsee-coat_of_arms.svg.png
Diemerswil,/wiki/Diemerswil,//upload.wikimedia.org/wikipedia/commons/thumb/b/bb/Diemerswil-coat_of_arms.svg/35px-Diemerswil-coat_of_arms.svg.png
Diemtigen,/wiki/Diemtigen,//upload.wikimedia.org/wikipedia/commons/thumb/8/87/Diemtigen-coat_of_arms.svg/35px-Diemtigen-coat_of_arms.svg.png
Diessbach bei Büren,/wiki/Diessbach_bei_B%C3%BCren,//upload.wikimedia.org/wikipedia/commons/thumb/4/4d/Diessbach_bei_B%C3%BCren-coat_of_arms.svg/35px-Diessbach_bei_B%C3%BCren-coat_of_arms.svg.png
Diesse,/wiki/Diesse,//upload.wikimedia.org/wikipedia/commons/thumb/0/0a/Diesse-coat_of_arms.svg/35px-Diesse-coat_of_arms.svg.png
Dotzigen,/wiki/Dotzigen,//upload.wikimedia.org/wikipedia/commons/thumb/a/ab/Dotzigen-coat_of_arms.svg/35px-Dotzigen-coat_of_arms.svg.png
Dürrenroth,/wiki/D%C3%BCrrenroth,//upload.wikimedia.org/wikipedia/commons/thumb/0/06/D%C3%BCrrenroth-coat_of_arms.svg/35px-D%C3%BCrrenroth-coat_of_arms.svg.png
Eggiwil,/wiki/Eggiwil,//upload.wikimedia.org/wikipedia/commons/thumb/a/a6/Eggiwil-coat_of_arms.svg/35px-Eggiwil-coat_of_arms.svg.png
Epsach,/wiki/Epsach,//upload.wikimedia.org/wikipedia/commons/thumb/9/93/Epsach-coat_of_arms.svg/35px-Epsach-coat_of_arms.svg.png
Eriswil,/wiki/Eriswil,//upload.wikimedia.org/wikipedia/commons/thumb/1/12/Eriswil-coat_of_arms.svg/35px-Eriswil-coat_of_arms.svg.png
Eriz,/wiki/Eriz,//upload.wikimedia.org/wikipedia/commons/thumb/f/f9/Eriz-coat_of_arms.svg/35px-Eriz-coat_of_arms.svg.png
Erlach,/wiki/Erlach_BE,//upload.wikimedia.org/wikipedia/commons/thumb/5/59/Erlach-coat_of_arms.svg/35px-Erlach-coat_of_arms.svg.png
Erlenbach im Simmental,/wiki/Erlenbach_im_Simmental,//upload.wikimedia.org/wikipedia/commons/thumb/b/b9/Erlenbach_im_Simmental-coat_of_arms.svg/35px-Erlenbach_im_Simmental-coat_of_arms.svg.png
Ersigen,/wiki/Ersigen,//upload.wikimedia.org/wikipedia/commons/thumb/9/97/Ersigen-coat_of_arms.svg/35px-Ersigen-coat_of_arms.svg.png
Eschert,/wiki/Eschert,//upload.wikimedia.org/wikipedia/commons/thumb/9/94/Eschert-coat_of_arms.svg/35px-Eschert-coat_of_arms.svg.png
Etzelkofen,/wiki/Etzelkofen,//upload.wikimedia.org/wikipedia/commons/thumb/b/b7/Etzelkofen-coat_of_arms.svg/35px-Etzelkofen-coat_of_arms.svg.png
Evilard,/wiki/Evilard,//upload.wikimedia.org/wikipedia/commons/thumb/7/7a/Evilard-coat_of_arms.svg/35px-Evilard-coat_of_arms.svg.png
Fahrni,/wiki/Fahrni,//upload.wikimedia.org/wikipedia/commons/thumb/8/80/Wappen_fahrni.jpg/40px-Wappen_fahrni.jpg
Farnern,/wiki/Farnern,//upload.wikimedia.org/wikipedia/commons/thumb/b/b1/Farnern-coat_of_arms.svg/35px-Farnern-coat_of_arms.svg.png
Ferenbalm,/wiki/Ferenbalm,//upload.wikimedia.org/wikipedia/commons/thumb/f/f4/Ferenbalm-coat_of_arms.svg/35px-Ferenbalm-coat_of_arms.svg.png
Finsterhennen,/wiki/Finsterhennen,//upload.wikimedia.org/wikipedia/commons/thumb/e/e0/Finsterhennen-coat_of_arms.svg/35px-Finsterhennen-coat_of_arms.svg.png
Forst-Längenbühl,/wiki/Forst-L%C3%A4ngenb%C3%BChl,//upload.wikimedia.org/wikipedia/commons/thumb/7/7a/Forst_L%C3%A4ngenb%C3%BChl-coat_of_arms.svg/35px-Forst_L%C3%A4ngenb%C3%BChl-coat_of_arms.svg.png
Fraubrunnen,/wiki/Fraubrunnen,//upload.wikimedia.org/wikipedia/commons/thumb/c/c8/Fraubrunnen-coat_of_arms.svg/35px-Fraubrunnen-coat_of_arms.svg.png
Frauenkappelen,/wiki/Frauenkappelen,//upload.wikimedia.org/wikipedia/commons/thumb/7/72/Frauenkappelen-coat_of_arms.svg/35px-Frauenkappelen-coat_of_arms.svg.png
Freimettigen,/wiki/Freimettigen,//upload.wikimedia.org/wikipedia/commons/thumb/2/2c/Freimettigen-coat_of_arms.svg/35px-Freimettigen-coat_of_arms.svg.png
Frutigen,/wiki/Frutigen,//upload.wikimedia.org/wikipedia/commons/thumb/d/dd/Frutigen-coat_of_arms.svg/35px-Frutigen-coat_of_arms.svg.png
Gadmen,/wiki/Gadmen,//upload.wikimedia.org/wikipedia/commons/thumb/3/34/Gadmen-coat_of_arms.svg/35px-Gadmen-coat_of_arms.svg.png
Gals,/wiki/Gals,//upload.wikimedia.org/wikipedia/commons/thumb/6/67/Gals-coat_of_arms.svg/35px-Gals-coat_of_arms.svg.png
Gampelen,/wiki/Gampelen,//upload.wikimedia.org/wikipedia/commons/thumb/d/d7/Gampelen-coat_of_arms.svg/35px-Gampelen-coat_of_arms.svg.png
Gelterfingen,/wiki/Gelterfingen,//upload.wikimedia.org/wikipedia/commons/thumb/7/70/Gelterfingen-coat_of_arms.svg/35px-Gelterfingen-coat_of_arms.svg.png
Gerzensee,/wiki/Gerzensee_BE,//upload.wikimedia.org/wikipedia/commons/thumb/5/53/Gerzensee-coat_of_arms.svg/35px-Gerzensee-coat_of_arms.svg.png
Golaten,/wiki/Golaten,//upload.wikimedia.org/wikipedia/commons/thumb/0/0b/Golaten-coat_of_arms.svg/35px-Golaten-coat_of_arms.svg.png
Gondiswil,/wiki/Gondiswil,//upload.wikimedia.org/wikipedia/commons/thumb/4/4e/Gondiswil-coat_of_arms.svg/35px-Gondiswil-coat_of_arms.svg.png
Graben,/wiki/Graben_BE,//upload.wikimedia.org/wikipedia/commons/thumb/9/92/Graben-coat_of_arms.svg/35px-Graben-coat_of_arms.svg.png
Grafenried,/wiki/Grafenried_BE,//upload.wikimedia.org/wikipedia/commons/thumb/3/38/Grafenried-coat_of_arms.svg/35px-Grafenried-coat_of_arms.svg.png
Grandval,/wiki/Grandval_BE,//upload.wikimedia.org/wikipedia/commons/thumb/3/34/Grandval-coat_of_arms.svg/35px-Grandval-coat_of_arms.svg.png
Grindelwald,/wiki/Grindelwald,//upload.wikimedia.org/wikipedia/commons/thumb/6/65/Grindelwald-coat_of_arms.svg/35px-Grindelwald-coat_of_arms.svg.png
Grossaffoltern,/wiki/Grossaffoltern,//upload.wikimedia.org/wikipedia/commons/thumb/5/51/Grossaffoltern-coat_of_arms.svg/35px-Grossaffoltern-coat_of_arms.svg.png
Grosshöchstetten,/wiki/Grossh%C3%B6chstetten,//upload.wikimedia.org/wikipedia/commons/thumb/6/6f/Grossh%C3%B6chstetten-coat_of_arms.svg/35px-Grossh%C3%B6chstetten-coat_of_arms.svg.png
Gsteig,/wiki/Gsteig_bei_Gstaad,//upload.wikimedia.org/wikipedia/commons/thumb/8/8d/Gsteig_bei_Gstaad-coat_of_arms.svg/35px-Gsteig_bei_Gstaad-coat_of_arms.svg.png
Gsteigwiler,/wiki/Gsteigwiler,//upload.wikimedia.org/wikipedia/commons/thumb/5/5d/Gsteigwiler-coat_of_arms.svg/35px-Gsteigwiler-coat_of_arms.svg.png
Guggisberg,/wiki/Guggisberg,//upload.wikimedia.org/wikipedia/commons/thumb/8/8b/Guggisberg-coat_of_arms.svg/35px-Guggisberg-coat_of_arms.svg.png
Gündlischwand,/wiki/G%C3%BCndlischwand,//upload.wikimedia.org/wikipedia/commons/thumb/8/8b/G%C3%BCndlischwand-coat_of_arms.svg/35px-G%C3%BCndlischwand-coat_of_arms.svg.png
Gurbrü,/wiki/Gurbr%C3%BC,//upload.wikimedia.org/wikipedia/commons/thumb/1/17/Gurbr%C3%BC-coat_of_arms.svg/35px-Gurbr%C3%BC-coat_of_arms.svg.png
Gurzelen,/wiki/Gurzelen,//upload.wikimedia.org/wikipedia/commons/thumb/7/72/Gurzelen-coat_of_arms.svg/35px-Gurzelen-coat_of_arms.svg.png
Guttannen,/wiki/Guttannen,//upload.wikimedia.org/wikipedia/commons/thumb/0/07/Guttannen-coat_of_arms.svg/35px-Guttannen-coat_of_arms.svg.png
Habkern,/wiki/Habkern,//upload.wikimedia.org/wikipedia/commons/thumb/2/25/Habkern-coat_of_arms.svg/35px-Habkern-coat_of_arms.svg.png
Hagneck,/wiki/Hagneck,//upload.wikimedia.org/wikipedia/commons/thumb/a/ae/Hagneck-coat_of_arms.svg/35px-Hagneck-coat_of_arms.svg.png
Hasle bei Burgdorf,/wiki/Hasle_bei_Burgdorf,//upload.wikimedia.org/wikipedia/commons/thumb/1/19/Hasle_bei_Burgdorf-coat_of_arms.svg/35px-Hasle_bei_Burgdorf-coat_of_arms.svg.png
Hasliberg,/wiki/Hasliberg,//upload.wikimedia.org/wikipedia/commons/thumb/7/79/Hasliberg-coat_of_arms.svg/35px-Hasliberg-coat_of_arms.svg.png
Häutligen,/wiki/H%C3%A4utligen,//upload.wikimedia.org/wikipedia/commons/thumb/8/88/H%C3%A4utligen-coat_of_arms.svg/35px-H%C3%A4utligen-coat_of_arms.svg.png
Heiligenschwendi,/wiki/Heiligenschwendi,//upload.wikimedia.org/wikipedia/commons/thumb/5/57/Heiligenschwendi-coat_of_arms.svg/35px-Heiligenschwendi-coat_of_arms.svg.png
Heimberg,/wiki/Heimberg_BE,//upload.wikimedia.org/wikipedia/commons/thumb/d/dc/Heimberg-coat_of_arms.svg/35px-Heimberg-coat_of_arms.svg.png
Heimenhausen,/wiki/Heimenhausen,//upload.wikimedia.org/wikipedia/commons/thumb/b/b8/Heimenhausen-coat_of_arms.svg/35px-Heimenhausen-coat_of_arms.svg.png
Heimiswil,/wiki/Heimiswil,//upload.wikimedia.org/wikipedia/commons/thumb/1/1e/Heimiswil-coat_of_arms.svg/35px-Heimiswil-coat_of_arms.svg.png
Hellsau,/wiki/Hellsau,//upload.wikimedia.org/wikipedia/commons/thumb/8/8b/Hellsau-coat_of_arms.svg/35px-Hellsau-coat_of_arms.svg.png
Herbligen,/wiki/Herbligen,//upload.wikimedia.org/wikipedia/commons/thumb/2/24/Herbligen-coat_of_arms.svg/35px-Herbligen-coat_of_arms.svg.png
Hermiswil,/wiki/Hermiswil,//upload.wikimedia.org/wikipedia/commons/thumb/9/9d/Hermiswil-coat_of_arms.svg/35px-Hermiswil-coat_of_arms.svg.png
Hermrigen,/wiki/Hermrigen,//upload.wikimedia.org/wikipedia/commons/thumb/e/e4/Hermrigen-coat_of_arms.svg/35px-Hermrigen-coat_of_arms.svg.png
Herzogenbuchsee,/wiki/Herzogenbuchsee,//upload.wikimedia.org/wikipedia/commons/thumb/1/18/Herzogenbuchsee-coat_of_arms.svg/35px-Herzogenbuchsee-coat_of_arms.svg.png
Hilterfingen,/wiki/Hilterfingen,//upload.wikimedia.org/wikipedia/commons/thumb/8/8d/Hilterfingen-coat_of_arms.svg/35px-Hilterfingen-coat_of_arms.svg.png
Hindelbank,/wiki/Hindelbank,//upload.wikimedia.org/wikipedia/commons/thumb/8/85/Hindelbank-coat_of_arms.svg/35px-Hindelbank-coat_of_arms.svg.png
Höchstetten,/wiki/H%C3%B6chstetten_BE,//upload.wikimedia.org/wikipedia/commons/thumb/4/42/H%C3%B6chstetten-coat_of_arms.svg/35px-H%C3%B6chstetten-coat_of_arms.svg.png
Höfen bei Thun,/wiki/H%C3%B6fen_bei_Thun,//upload.wikimedia.org/wikipedia/commons/thumb/3/39/H%C3%B6fen-coat_of_arms.svg/35px-H%C3%B6fen-coat_of_arms.svg.png
Hofstetten bei Brienz,/wiki/Hofstetten_bei_Brienz,//upload.wikimedia.org/wikipedia/commons/thumb/5/54/Hofstetten_bei_Brienz-coat_of_arms.svg/35px-Hofstetten_bei_Brienz-coat_of_arms.svg.png
Homberg,/wiki/Homberg_BE,//upload.wikimedia.org/wikipedia/commons/thumb/d/de/Homberg-coat_of_arms.svg/35px-Homberg-coat_of_arms.svg.png
Horrenbach-Buchen,/wiki/Horrenbach-Buchen,//upload.wikimedia.org/wikipedia/commons/thumb/0/08/Horrenbach_Buchen-coat_of_arms.svg/35px-Horrenbach_Buchen-coat_of_arms.svg.png
Huttwil,/wiki/Huttwil,//upload.wikimedia.org/wikipedia/commons/thumb/b/b4/Huttwil-coat_of_arms.svg/35px-Huttwil-coat_of_arms.svg.png
Iffwil,/wiki/Iffwil,//upload.wikimedia.org/wikipedia/commons/thumb/1/14/Iffwil-coat_of_arms.svg/35px-Iffwil-coat_of_arms.svg.png
Inkwil,/wiki/Inkwil,//upload.wikimedia.org/wikipedia/commons/thumb/4/47/Inkwil-coat_of_arms.svg/35px-Inkwil-coat_of_arms.svg.png
Innertkirchen,/wiki/Innertkirchen,//upload.wikimedia.org/wikipedia/commons/thumb/6/60/Innertkirchen-coat_of_arms.svg/35px-Innertkirchen-coat_of_arms.svg.png
Ins,/wiki/Ins_BE,//upload.wikimedia.org/wikipedia/commons/thumb/0/06/Ins-coat_of_arms.svg/35px-Ins-coat_of_arms.svg.png
Interlaken,/wiki/Interlaken,//upload.wikimedia.org/wikipedia/commons/thumb/c/c0/Interlaken-coat_of_arms.svg/35px-Interlaken-coat_of_arms.svg.png
Ipsach,/wiki/Ipsach,//upload.wikimedia.org/wikipedia/commons/thumb/8/80/Ipsach-coat_of_arms.svg/35px-Ipsach-coat_of_arms.svg.png
Iseltwald,/wiki/Iseltwald,//upload.wikimedia.org/wikipedia/commons/thumb/3/30/Iseltwald-coat_of_arms.svg/35px-Iseltwald-coat_of_arms.svg.png
Ittigen,/wiki/Ittigen,//upload.wikimedia.org/wikipedia/commons/thumb/9/90/Ittigen-coat_of_arms.svg/35px-Ittigen-coat_of_arms.svg.png
Jaberg,/wiki/Jaberg,//upload.wikimedia.org/wikipedia/commons/thumb/9/9d/Jaberg-coat_of_arms.svg/35px-Jaberg-coat_of_arms.svg.png
Jegenstorf,/wiki/Jegenstorf,//upload.wikimedia.org/wikipedia/commons/thumb/6/6e/Jegenstorf-coat_of_arms.svg/35px-Jegenstorf-coat_of_arms.svg.png
Jens,/wiki/Jens_BE,//upload.wikimedia.org/wikipedia/commons/thumb/f/fa/Jens-coat_of_arms.svg/35px-Jens-coat_of_arms.svg.png
Kallnach,/wiki/Kallnach,//upload.wikimedia.org/wikipedia/commons/thumb/e/e3/Kallnach-coat_of_arms.svg/35px-Kallnach-coat_of_arms.svg.png
Kandergrund,/wiki/Kandergrund,//upload.wikimedia.org/wikipedia/commons/thumb/2/27/Kandergrund-coat_of_arms.svg/35px-Kandergrund-coat_of_arms.svg.png
Kandersteg,/wiki/Kandersteg,//upload.wikimedia.org/wikipedia/commons/thumb/a/ad/Kandersteg-coat_of_arms.svg/35px-Kandersteg-coat_of_arms.svg.png
Kappelen,/wiki/Kappelen_BE,//upload.wikimedia.org/wikipedia/commons/thumb/7/7e/Kappelen-coat_of_arms.svg/35px-Kappelen-coat_of_arms.svg.png
Kaufdorf,/wiki/Kaufdorf,//upload.wikimedia.org/wikipedia/commons/thumb/f/fc/Kaufdorf-coat_of_arms.svg/35px-Kaufdorf-coat_of_arms.svg.png
Kehrsatz,/wiki/Kehrsatz,//upload.wikimedia.org/wikipedia/commons/thumb/e/e1/Kehrsatz-coat_of_arms.svg/35px-Kehrsatz-coat_of_arms.svg.png
Kernenried,/wiki/Kernenried,//upload.wikimedia.org/wikipedia/commons/thumb/2/24/Kernenried-coat_of_arms.svg/35px-Kernenried-coat_of_arms.svg.png
Kienersrüti,/wiki/Kienersr%C3%BCti,//upload.wikimedia.org/wikipedia/commons/thumb/b/bf/Kienersr%C3%BCti-coat_of_arms.svg/35px-Kienersr%C3%BCti-coat_of_arms.svg.png
Kiesen,/wiki/Kiesen,//upload.wikimedia.org/wikipedia/commons/thumb/c/c0/Kiesen-coat_of_arms.svg/35px-Kiesen-coat_of_arms.svg.png
Kirchberg,/wiki/Kirchberg_BE,//upload.wikimedia.org/wikipedia/commons/thumb/d/dc/Kirchberg-coat_of_arms.svg/35px-Kirchberg-coat_of_arms.svg.png
Kirchdorf,/wiki/Kirchdorf_BE,//upload.wikimedia.org/wikipedia/commons/thumb/9/98/Kirchdorf-coat_of_arms.svg/35px-Kirchdorf-coat_of_arms.svg.png
Kirchenthurnen,/wiki/Kirchenthurnen,//upload.wikimedia.org/wikipedia/commons/thumb/0/09/Kirchenthurnen-coat_of_arms.svg/35px-Kirchenthurnen-coat_of_arms.svg.png
Kirchlindach,/wiki/Kirchlindach,//upload.wikimedia.org/wikipedia/commons/thumb/9/9d/Kirchlindach-coat_of_arms.svg/35px-Kirchlindach-coat_of_arms.svg.png
Köniz,/wiki/K%C3%B6niz,//upload.wikimedia.org/wikipedia/commons/thumb/e/e1/K%C3%B6niz-coat_of_arms.svg/35px-K%C3%B6niz-coat_of_arms.svg.png
Konolfingen,/wiki/Konolfingen,//upload.wikimedia.org/wikipedia/commons/thumb/5/59/Konolfingen-coat_of_arms.svg/35px-Konolfingen-coat_of_arms.svg.png
Koppigen,/wiki/Koppigen,//upload.wikimedia.org/wikipedia/commons/thumb/9/9a/Koppigen-coat_of_arms.svg/35px-Koppigen-coat_of_arms.svg.png
Krattigen,/wiki/Krattigen,//upload.wikimedia.org/wikipedia/commons/thumb/d/d6/Krattigen-coat_of_arms.svg/35px-Krattigen-coat_of_arms.svg.png
Krauchthal,/wiki/Krauchthal,//upload.wikimedia.org/wikipedia/commons/thumb/c/c8/Krauchthal-coat_of_arms.svg/35px-Krauchthal-coat_of_arms.svg.png
Kriechenwil,/wiki/Kriechenwil,//upload.wikimedia.org/wikipedia/commons/thumb/b/b0/Kriechenwil-coat_of_arms.svg/35px-Kriechenwil-coat_of_arms.svg.png
La Ferrière,/wiki/La_Ferri%C3%A8re_BE,//upload.wikimedia.org/wikipedia/commons/thumb/5/52/La_Ferri%C3%A8re-coat_of_arms.svg/35px-La_Ferri%C3%A8re-coat_of_arms.svg.png
La Heutte,/wiki/La_Heutte,//upload.wikimedia.org/wikipedia/commons/thumb/7/72/La_Heutte-coat_of_arms.svg/35px-La_Heutte-coat_of_arms.svg.png
La Neuveville,/wiki/La_Neuveville,//upload.wikimedia.org/wikipedia/commons/thumb/4/4c/La_Neuveville-coat_of_arms.svg/35px-La_Neuveville-coat_of_arms.svg.png
Lamboing,/wiki/Lamboing,//upload.wikimedia.org/wikipedia/commons/thumb/f/f8/Lamboing-coat_of_arms.svg/35px-Lamboing-coat_of_arms.svg.png
Landiswil,/wiki/Landiswil,//upload.wikimedia.org/wikipedia/commons/thumb/5/56/Landiswil-coat_of_arms.svg/35px-Landiswil-coat_of_arms.svg.png
Langenthal,/wiki/Langenthal,//upload.wikimedia.org/wikipedia/commons/thumb/9/90/Langenthal-coat_of_arms.svg/35px-Langenthal-coat_of_arms.svg.png
Langnau im Emmental,/wiki/Langnau_im_Emmental,//upload.wikimedia.org/wikipedia/commons/thumb/0/0b/Langnau_im_Emmental-coat_of_arms.svg/35px-Langnau_im_Emmental-coat_of_arms.svg.png
Lauenen,/wiki/Lauenen,//upload.wikimedia.org/wikipedia/commons/thumb/f/fa/Lauenen-coat_of_arms.svg/35px-Lauenen-coat_of_arms.svg.png
Laupen,/wiki/Laupen,//upload.wikimedia.org/wikipedia/commons/thumb/3/3d/Laupen-coat_of_arms.svg/35px-Laupen-coat_of_arms.svg.png
Lauperswil,/wiki/Lauperswil,//upload.wikimedia.org/wikipedia/commons/thumb/0/0a/Lauperswil-coat_of_arms.svg/35px-Lauperswil-coat_of_arms.svg.png
Lauterbrunnen,/wiki/Lauterbrunnen,//upload.wikimedia.org/wikipedia/commons/thumb/4/43/Lauterbrunnen-coat_of_arms.svg/35px-Lauterbrunnen-coat_of_arms.svg.png
Leissigen,/wiki/Leissigen,//upload.wikimedia.org/wikipedia/commons/thumb/1/12/Leissigen-coat_of_arms.svg/35px-Leissigen-coat_of_arms.svg.png
Lengnau,/wiki/Lengnau_BE,//upload.wikimedia.org/wikipedia/commons/thumb/4/4e/Lengnau_bei_Biel-coat_of_arms.svg/35px-Lengnau_bei_Biel-coat_of_arms.svg.png
Lenk,/wiki/Lenk_BE,//upload.wikimedia.org/wikipedia/commons/thumb/2/21/Lenk_im_Simmental-coat_of_arms.svg/35px-Lenk_im_Simmental-coat_of_arms.svg.png
Leuzigen,/wiki/Leuzigen,//upload.wikimedia.org/wikipedia/commons/thumb/7/7e/Leuzigen-coat_of_arms.svg/35px-Leuzigen-coat_of_arms.svg.png
Ligerz,/wiki/Ligerz,//upload.wikimedia.org/wikipedia/commons/thumb/4/40/Ligerz-coat_of_arms.svg/35px-Ligerz-coat_of_arms.svg.png
Limpach,/wiki/Limpach_BE,//upload.wikimedia.org/wikipedia/commons/thumb/9/90/Limpach-coat_of_arms.svg/35px-Limpach-coat_of_arms.svg.png
Linden,/wiki/Linden_BE,//upload.wikimedia.org/wikipedia/commons/thumb/c/cf/Linden-coat_of_arms.svg/35px-Linden-coat_of_arms.svg.png
Lohnstorf,/wiki/Lohnstorf,//upload.wikimedia.org/wikipedia/commons/thumb/9/9b/Lohnstorf-coat_of_arms.svg/35px-Lohnstorf-coat_of_arms.svg.png
Lotzwil,/wiki/Lotzwil,//upload.wikimedia.org/wikipedia/commons/thumb/7/79/Lotzwil-coat_of_arms.svg/35px-Lotzwil-coat_of_arms.svg.png
Loveresse,/wiki/Loveresse,//upload.wikimedia.org/wikipedia/commons/thumb/c/c7/Loveresse-coat_of_arms.svg/35px-Loveresse-coat_of_arms.svg.png
Lüscherz,/wiki/L%C3%BCscherz,//upload.wikimedia.org/wikipedia/commons/thumb/0/0b/L%C3%BCscherz-coat_of_arms.svg/35px-L%C3%BCscherz-coat_of_arms.svg.png
Lütschental,/wiki/L%C3%BCtschental,//upload.wikimedia.org/wikipedia/commons/thumb/f/fa/L%C3%BCtschental-coat_of_arms.svg/35px-L%C3%BCtschental-coat_of_arms.svg.png
Lützelflüh,/wiki/L%C3%BCtzelfl%C3%BCh,//upload.wikimedia.org/wikipedia/commons/thumb/c/c5/L%C3%BCtzelfl%C3%BCh-coat_of_arms.svg/35px-L%C3%BCtzelfl%C3%BCh-coat_of_arms.svg.png
Lyss,/wiki/Lyss,//upload.wikimedia.org/wikipedia/commons/thumb/6/65/Lyss-coat_of_arms.svg/35px-Lyss-coat_of_arms.svg.png
Lyssach,/wiki/Lyssach,//upload.wikimedia.org/wikipedia/commons/thumb/8/80/Lyssach-coat_of_arms.svg/35px-Lyssach-coat_of_arms.svg.png
Madiswil,/wiki/Madiswil,//upload.wikimedia.org/wikipedia/commons/thumb/c/c2/Madiswil-coat_of_arms.svg/40px-Madiswil-coat_of_arms.svg.png
Malleray,/wiki/Malleray,//upload.wikimedia.org/wikipedia/commons/thumb/6/66/Malleray-coat_of_arms.svg/35px-Malleray-coat_of_arms.svg.png
Matten bei Interlaken,/wiki/Matten_bei_Interlaken,//upload.wikimedia.org/wikipedia/commons/thumb/0/01/Matten_bei_Interlaken-coat_of_arms.svg/35px-Matten_bei_Interlaken-coat_of_arms.svg.png
Mattstetten,/wiki/Mattstetten,//upload.wikimedia.org/wikipedia/commons/thumb/5/59/Mattstetten-coat_of_arms.svg/35px-Mattstetten-coat_of_arms.svg.png
Meienried,/wiki/Meienried,//upload.wikimedia.org/wikipedia/commons/thumb/2/27/Meienried-coat_of_arms.svg/35px-Meienried-coat_of_arms.svg.png
Meikirch,/wiki/Meikirch,//upload.wikimedia.org/wikipedia/commons/thumb/8/81/Meikirch-coat_of_arms.svg/35px-Meikirch-coat_of_arms.svg.png
Meinisberg,/wiki/Meinisberg,//upload.wikimedia.org/wikipedia/commons/thumb/e/ed/Meinisberg-coat_of_arms.svg/35px-Meinisberg-coat_of_arms.svg.png
Meiringen,/wiki/Meiringen,//upload.wikimedia.org/wikipedia/commons/thumb/d/d5/Oberhasli-coat_of_arms.svg/35px-Oberhasli-coat_of_arms.svg.png
Melchnau,/wiki/Melchnau,//upload.wikimedia.org/wikipedia/commons/thumb/d/d4/Melchnau-coat_of_arms.svg/35px-Melchnau-coat_of_arms.svg.png
Merzligen,/wiki/Merzligen,//upload.wikimedia.org/wikipedia/commons/thumb/f/f1/Merzligen-coat_of_arms.svg/35px-Merzligen-coat_of_arms.svg.png
Mirchel,/wiki/Mirchel,//upload.wikimedia.org/wikipedia/commons/thumb/0/09/Mirchel-coat_of_arms.svg/35px-Mirchel-coat_of_arms.svg.png
Monible,/wiki/Monible,//upload.wikimedia.org/wikipedia/commons/thumb/1/17/Monible-coat_of_arms.svg/35px-Monible-coat_of_arms.svg.png
Mont-Tramelan,/wiki/Mont-Tramelan,//upload.wikimedia.org/wikipedia/commons/thumb/b/b8/Mont_Tramelan-coat_of_arms.svg/35px-Mont_Tramelan-coat_of_arms.svg.png
Moosseedorf,/wiki/Moosseedorf,//upload.wikimedia.org/wikipedia/commons/thumb/4/45/Moosseedorf-coat_of_arms.svg/35px-Moosseedorf-coat_of_arms.svg.png
Mörigen,/wiki/M%C3%B6rigen,//upload.wikimedia.org/wikipedia/commons/thumb/c/cf/M%C3%B6rigen-coat_of_arms.svg/35px-M%C3%B6rigen-coat_of_arms.svg.png
Mötschwil,/wiki/M%C3%B6tschwil,//upload.wikimedia.org/wikipedia/commons/thumb/a/aa/M%C3%B6tschwil-coat_of_arms.svg/35px-M%C3%B6tschwil-coat_of_arms.svg.png
Moutier,/wiki/Moutier,//upload.wikimedia.org/wikipedia/commons/thumb/d/dc/Moutier-coat_of_arms.svg/35px-Moutier-coat_of_arms.svg.png
Mühleberg,/wiki/M%C3%BChleberg,//upload.wikimedia.org/wikipedia/commons/thumb/7/7c/M%C3%BChleberg-coat_of_arms.svg/35px-M%C3%BChleberg-coat_of_arms.svg.png
Mühledorf,/wiki/M%C3%BChledorf_BE,//upload.wikimedia.org/wikipedia/commons/thumb/b/b3/M%C3%BChledorf-coat_of_arms.svg/35px-M%C3%BChledorf-coat_of_arms.svg.png
Mühlethurnen,/wiki/M%C3%BChlethurnen,//upload.wikimedia.org/wikipedia/commons/thumb/4/4e/M%C3%BChlethurnen-coat_of_arms.svg/35px-M%C3%BChlethurnen-coat_of_arms.svg.png
Mülchi,/wiki/M%C3%BClchi,//upload.wikimedia.org/wikipedia/commons/thumb/2/24/M%C3%BClchi-coat_of_arms.svg/35px-M%C3%BClchi-coat_of_arms.svg.png
Münchenbuchsee,/wiki/M%C3%BCnchenbuchsee,//upload.wikimedia.org/wikipedia/commons/thumb/2/2d/M%C3%BCnchenbuchsee-coat_of_arms.svg/35px-M%C3%BCnchenbuchsee-coat_of_arms.svg.png
Münchenwiler,/wiki/M%C3%BCnchenwiler,//upload.wikimedia.org/wikipedia/commons/thumb/3/32/M%C3%BCnchenwiler-coat_of_arms.svg/35px-M%C3%BCnchenwiler-coat_of_arms.svg.png
Münchringen,/wiki/M%C3%BCnchringen,//upload.wikimedia.org/wikipedia/commons/thumb/e/ec/M%C3%BCnchringen-coat_of_arms.svg/35px-M%C3%BCnchringen-coat_of_arms.svg.png
Münsingen,/wiki/M%C3%BCnsingen_BE,//upload.wikimedia.org/wikipedia/commons/thumb/f/f1/Konolfingen_%28district%29-coat_of_arms.svg/35px-Konolfingen_%28district%29-coat_of_arms.svg.png
Müntschemier,/wiki/M%C3%BCntschemier,//upload.wikimedia.org/wikipedia/commons/thumb/e/e8/M%C3%BCntschemier-coat_of_arms.svg/35px-M%C3%BCntschemier-coat_of_arms.svg.png
Muri bei Bern,/wiki/Muri_bei_Bern,//upload.wikimedia.org/wikipedia/commons/thumb/b/b0/Muri_bei_Bern-coat_of_arms.svg/35px-Muri_bei_Bern-coat_of_arms.svg.png
Neuenegg,/wiki/Neuenegg,//upload.wikimedia.org/wikipedia/commons/thumb/9/98/Neuenegg-coat_of_arms.svg/35px-Neuenegg-coat_of_arms.svg.png
Nidau,/wiki/Nidau,//upload.wikimedia.org/wikipedia/commons/thumb/1/1b/Nidau-coat_of_arms.svg/35px-Nidau-coat_of_arms.svg.png
Niederbipp,/wiki/Niederbipp,//upload.wikimedia.org/wikipedia/commons/thumb/5/50/Niederbipp-coat_of_arms.svg/35px-Niederbipp-coat_of_arms.svg.png
Niederhünigen,/wiki/Niederh%C3%BCnigen,//upload.wikimedia.org/wikipedia/commons/thumb/f/f3/Niederh%C3%BCnigen-coat_of_arms.svg/35px-Niederh%C3%BCnigen-coat_of_arms.svg.png
Niedermuhlern,/wiki/Niedermuhlern,//upload.wikimedia.org/wikipedia/commons/thumb/a/a9/Niedermuhlern-coat_of_arms.svg/35px-Niedermuhlern-coat_of_arms.svg.png
Niederönz,/wiki/Nieder%C3%B6nz,//upload.wikimedia.org/wikipedia/commons/thumb/b/b6/Nieder%C3%B6nz-coat_of_arms.svg/35px-Nieder%C3%B6nz-coat_of_arms.svg.png
Niederösch,/wiki/Nieder%C3%B6sch,//upload.wikimedia.org/wikipedia/commons/thumb/9/92/Nieder%C3%B6sch-coat_of_arms.svg/35px-Nieder%C3%B6sch-coat_of_arms.svg.png
Niederried bei Interlaken,/wiki/Niederried_bei_Interlaken,//upload.wikimedia.org/wikipedia/commons/thumb/5/56/Niederried_bei_Interlaken-coat_of_arms.svg/35px-Niederried_bei_Interlaken-coat_of_arms.svg.png
Niederstocken,/wiki/Niederstocken,//upload.wikimedia.org/wikipedia/commons/thumb/b/be/Niederstocken-coat_of_arms.svg/35px-Niederstocken-coat_of_arms.svg.png
Nods,/wiki/Nods_BE,//upload.wikimedia.org/wikipedia/commons/thumb/f/f6/Nods-coat_of_arms.svg/35px-Nods-coat_of_arms.svg.png
Noflen,/wiki/Noflen_BE,//upload.wikimedia.org/wikipedia/commons/thumb/3/39/Noflen-coat_of_arms.svg/35px-Noflen-coat_of_arms.svg.png
Oberbalm,/wiki/Oberbalm,//upload.wikimedia.org/wikipedia/commons/thumb/c/c3/Oberbalm-coat_of_arms.svg/35px-Oberbalm-coat_of_arms.svg.png
Oberbipp,/wiki/Oberbipp,//upload.wikimedia.org/wikipedia/commons/thumb/7/79/Oberbipp-coat_of_arms.svg/35px-Oberbipp-coat_of_arms.svg.png
Oberburg,/wiki/Oberburg_BE,//upload.wikimedia.org/wikipedia/commons/thumb/1/1b/Oberburg-coat_of_arms.svg/35px-Oberburg-coat_of_arms.svg.png
Oberdiessbach,/wiki/Oberdiessbach,//upload.wikimedia.org/wikipedia/commons/thumb/9/90/Oberdiessbach-coat_of_arms.svg/35px-Oberdiessbach-coat_of_arms.svg.png
Oberhofen am Thunersee,/wiki/Oberhofen_am_Thunersee,//upload.wikimedia.org/wikipedia/commons/thumb/6/69/Oberhofen_am_Thunersee-coat_of_arms.svg/35px-Oberhofen_am_Thunersee-coat_of_arms.svg.png
Oberhünigen,/wiki/Oberh%C3%BCnigen,//upload.wikimedia.org/wikipedia/commons/thumb/a/ac/Oberh%C3%BCnigen-coat_of_arms.svg/35px-Oberh%C3%BCnigen-coat_of_arms.svg.png
Oberlangenegg,/wiki/Oberlangenegg,//upload.wikimedia.org/wikipedia/commons/thumb/c/c5/Oberlangenegg-coat_of_arms.svg/35px-Oberlangenegg-coat_of_arms.svg.png
Oberösch,/wiki/Ober%C3%B6sch,//upload.wikimedia.org/wikipedia/commons/thumb/0/07/Ober%C3%B6sch-coat_of_arms.svg/35px-Ober%C3%B6sch-coat_of_arms.svg.png
Oberried am Brienzersee,/wiki/Oberried_am_Brienzersee,//upload.wikimedia.org/wikipedia/commons/thumb/7/79/Oberried_am_Brienzersee-coat_of_arms.svg/35px-Oberried_am_Brienzersee-coat_of_arms.svg.png
Obersteckholz,/wiki/Obersteckholz,//upload.wikimedia.org/wikipedia/commons/thumb/c/c8/Obersteckholz-coat_of_arms.svg/35px-Obersteckholz-coat_of_arms.svg.png
Oberstocken,/wiki/Oberstocken,//upload.wikimedia.org/wikipedia/commons/thumb/7/7f/Oberstocken-coat_of_arms.svg/35px-Oberstocken-coat_of_arms.svg.png
Oberthal,/wiki/Oberthal_BE,//upload.wikimedia.org/wikipedia/commons/thumb/a/a1/Oberthal-coat_of_arms.svg/35px-Oberthal-coat_of_arms.svg.png
Oberwil bei Büren,/wiki/Oberwil_bei_B%C3%BCren,//upload.wikimedia.org/wikipedia/commons/thumb/e/e3/Oberwil_b_bueren.gif/35px-Oberwil_b_bueren.gif
Oberwil im Simmental,/wiki/Oberwil_im_Simmental,//upload.wikimedia.org/wikipedia/commons/thumb/8/80/Oberwil_im_Simmental-coat_of_arms.svg/35px-Oberwil_im_Simmental-coat_of_arms.svg.png
Ochlenberg,/wiki/Ochlenberg,//upload.wikimedia.org/wikipedia/commons/thumb/7/77/Ochlenberg-coat_of_arms.svg/35px-Ochlenberg-coat_of_arms.svg.png
Oeschenbach,/wiki/Oeschenbach,//upload.wikimedia.org/wikipedia/commons/thumb/f/fb/Oeschenbach-coat_of_arms.svg/35px-Oeschenbach-coat_of_arms.svg.png
Oppligen,/wiki/Oppligen,//upload.wikimedia.org/wikipedia/commons/thumb/d/d3/Oppligen-coat_of_arms.svg/35px-Oppligen-coat_of_arms.svg.png
Orpund,/wiki/Orpund,//upload.wikimedia.org/wikipedia/commons/thumb/3/31/Orpund-coat_of_arms.svg/35px-Orpund-coat_of_arms.svg.png
Orvin,/wiki/Orvin,//upload.wikimedia.org/wikipedia/commons/thumb/1/1a/Orvin-coat_of_arms.svg/35px-Orvin-coat_of_arms.svg.png
Ostermundigen,/wiki/Ostermundigen,//upload.wikimedia.org/wikipedia/commons/thumb/e/e8/Ostermundigen-coat_of_arms.svg/35px-Ostermundigen-coat_of_arms.svg.png
Perrefitte,/wiki/Perrefitte,//upload.wikimedia.org/wikipedia/commons/thumb/e/ea/Perrefitte-coat_of_arms.svg/35px-Perrefitte-coat_of_arms.svg.png
Péry,/wiki/P%C3%A9ry,//upload.wikimedia.org/wikipedia/commons/thumb/d/d2/P%C3%A9ry-coat_of_arms.svg/35px-P%C3%A9ry-coat_of_arms.svg.png
Pieterlen,/wiki/Pieterlen,//upload.wikimedia.org/wikipedia/commons/thumb/7/73/Pieterlen-coat_of_arms.svg/35px-Pieterlen-coat_of_arms.svg.png
Plagne,/wiki/Plagne_BE,//upload.wikimedia.org/wikipedia/commons/thumb/e/e1/Plagne-coat_of_arms.svg/35px-Plagne-coat_of_arms.svg.png
Pohlern,/wiki/Pohlern,//upload.wikimedia.org/wikipedia/commons/thumb/a/ae/Pohlern-coat_of_arms.svg/35px-Pohlern-coat_of_arms.svg.png
Pontenet,/wiki/Pontenet,//upload.wikimedia.org/wikipedia/commons/thumb/e/e1/Pontenet-coat_of_arms.svg/35px-Pontenet-coat_of_arms.svg.png
Port,/wiki/Port_BE,//upload.wikimedia.org/wikipedia/commons/thumb/d/d0/Port-coat_of_arms.svg/35px-Port-coat_of_arms.svg.png
Prêles,/wiki/Pr%C3%AAles,//upload.wikimedia.org/wikipedia/commons/thumb/c/c6/Pr%C3%AAles-coat_of_arms.svg/35px-Pr%C3%AAles-coat_of_arms.svg.png
Radelfingen,/wiki/Radelfingen,//upload.wikimedia.org/wikipedia/commons/thumb/b/be/Radelfingen-coat_of_arms.svg/35px-Radelfingen-coat_of_arms.svg.png
Rapperswil,/wiki/Rapperswil_BE,//upload.wikimedia.org/wikipedia/commons/thumb/5/5e/Rapperswil-coat_of_arms.svg/35px-Rapperswil-coat_of_arms.svg.png
Rebévelier,/wiki/Reb%C3%A9velier,//upload.wikimedia.org/wikipedia/commons/thumb/b/ba/Reb%C3%A9velier-coat_of_arms.svg/35px-Reb%C3%A9velier-coat_of_arms.svg.png
Reconvilier,/wiki/Reconvilier,//upload.wikimedia.org/wikipedia/commons/thumb/8/89/Reconvilier-coat_of_arms.svg/35px-Reconvilier-coat_of_arms.svg.png
Reichenbach im Kandertal,/wiki/Reichenbach_im_Kandertal,//upload.wikimedia.org/wikipedia/commons/thumb/c/c0/Reichenbach_im_Kandertal-coat_of_arms.svg/35px-Reichenbach_im_Kandertal-coat_of_arms.svg.png
Reisiswil,/wiki/Reisiswil,//upload.wikimedia.org/wikipedia/commons/thumb/f/f2/Reisiswil-coat_of_arms.svg/35px-Reisiswil-coat_of_arms.svg.png
Renan,/wiki/Renan_BE,//upload.wikimedia.org/wikipedia/commons/thumb/8/8a/Renan-coat_of_arms.svg/35px-Renan-coat_of_arms.svg.png
Reutigen,/wiki/Reutigen,//upload.wikimedia.org/wikipedia/commons/thumb/6/61/Reutigen-coat_of_arms.svg/35px-Reutigen-coat_of_arms.svg.png
Riggisberg,/wiki/Riggisberg,//upload.wikimedia.org/wikipedia/commons/thumb/8/8f/Riggisberg-coat_of_arms.svg/35px-Riggisberg-coat_of_arms.svg.png
Ringgenberg,/wiki/Ringgenberg_BE,//upload.wikimedia.org/wikipedia/commons/thumb/d/d0/Ringgenberg-coat_of_arms.svg/35px-Ringgenberg-coat_of_arms.svg.png
Roches,/wiki/Roches_BE,//upload.wikimedia.org/wikipedia/commons/thumb/e/e1/Roches-coat_of_arms.svg/35px-Roches-coat_of_arms.svg.png
Roggwil,/wiki/Roggwil_BE,//upload.wikimedia.org/wikipedia/commons/thumb/2/2b/Roggwil-coat_of_arms.svg/35px-Roggwil-coat_of_arms.svg.png
Rohrbach,/wiki/Rohrbach_BE,//upload.wikimedia.org/wikipedia/commons/thumb/5/51/Rohrbach-coat_of_arms.svg/35px-Rohrbach-coat_of_arms.svg.png
Rohrbachgraben,/wiki/Rohrbachgraben_BE,//upload.wikimedia.org/wikipedia/commons/thumb/d/d3/Rohrbachgraben-coat_of_arms.svg/35px-Rohrbachgraben-coat_of_arms.svg.png
Romont,/wiki/Romont_BE,//upload.wikimedia.org/wikipedia/commons/thumb/f/fb/Romont_BE-coat_of_arms.svg/35px-Romont_BE-coat_of_arms.svg.png
Röthenbach im Emmental,/wiki/R%C3%B6thenbach_im_Emmental,//upload.wikimedia.org/wikipedia/commons/thumb/c/c0/R%C3%B6thenbach_im_Emmental-coat_of_arms.svg/35px-R%C3%B6thenbach_im_Emmental-coat_of_arms.svg.png
Rubigen,/wiki/Rubigen,//upload.wikimedia.org/wikipedia/commons/thumb/a/ae/Rubigen-coat_of_arms.svg/35px-Rubigen-coat_of_arms.svg.png
Rüderswil,/wiki/R%C3%BCderswil,//upload.wikimedia.org/wikipedia/commons/thumb/3/39/R%C3%BCderswil-coat_of_arms.svg/35px-R%C3%BCderswil-coat_of_arms.svg.png
Rüdtligen-Alchenflüh,/wiki/R%C3%BCdtligen-Alchenfl%C3%BCh,//upload.wikimedia.org/wikipedia/commons/thumb/7/76/R%C3%BCdtligen-Alchenfl%C3%BCh-coat_of_arms.svg/35px-R%C3%BCdtligen-Alchenfl%C3%BCh-coat_of_arms.svg.png
Rüeggisberg,/wiki/R%C3%BCeggisberg,//upload.wikimedia.org/wikipedia/commons/thumb/a/a9/R%C3%BCeggisberg-coat_of_arms.svg/35px-R%C3%BCeggisberg-coat_of_arms.svg.png
Rüegsau,/wiki/R%C3%BCegsau,//upload.wikimedia.org/wikipedia/commons/thumb/8/87/R%C3%BCegsau-coat_of_arms.svg/35px-R%C3%BCegsau-coat_of_arms.svg.png
Rumendingen,/wiki/Rumendingen,//upload.wikimedia.org/wikipedia/commons/thumb/8/8d/Rumendingen-coat_of_arms.svg/35px-Rumendingen-coat_of_arms.svg.png
Rumisberg,/wiki/Rumisberg,//upload.wikimedia.org/wikipedia/commons/thumb/7/74/Rumisberg-coat_of_arms.svg/35px-Rumisberg-coat_of_arms.svg.png
Rümligen,/wiki/R%C3%BCmligen,//upload.wikimedia.org/wikipedia/commons/thumb/6/6e/R%C3%BCmligen-coat_of_arms.svg/35px-R%C3%BCmligen-coat_of_arms.svg.png
Rüschegg,/wiki/R%C3%BCschegg,//upload.wikimedia.org/wikipedia/commons/thumb/6/67/R%C3%BCschegg-coat_of_arms.svg/35px-R%C3%BCschegg-coat_of_arms.svg.png
Rüti bei Büren,/wiki/R%C3%BCti_bei_B%C3%BCren,//upload.wikimedia.org/wikipedia/commons/thumb/5/53/R%C3%BCti_bei_B%C3%BCren-coat_of_arms.svg/35px-R%C3%BCti_bei_B%C3%BCren-coat_of_arms.svg.png
Rüti bei Lyssach,/wiki/R%C3%BCti_bei_Lyssach,//upload.wikimedia.org/wikipedia/commons/thumb/9/91/R%C3%BCti_bei_Lyssach-coat_of_arms.svg/35px-R%C3%BCti_bei_Lyssach-coat_of_arms.svg.png
Rütschelen,/wiki/R%C3%BCtschelen,//upload.wikimedia.org/wikipedia/commons/thumb/6/6f/R%C3%BCtschelen-coat_of_arms.svg/35px-R%C3%BCtschelen-coat_of_arms.svg.png
Saanen,/wiki/Saanen,//upload.wikimedia.org/wikipedia/commons/thumb/4/42/Saanen-coat_of_arms.svg/35px-Saanen-coat_of_arms.svg.png
Safnern,/wiki/Safnern,//upload.wikimedia.org/wikipedia/commons/thumb/9/9d/Safnern-coat_of_arms.svg/35px-Safnern-coat_of_arms.svg.png
Saicourt,/wiki/Saicourt,//upload.wikimedia.org/wikipedia/commons/thumb/5/5f/Saicourt-coat_of_arms.svg/35px-Saicourt-coat_of_arms.svg.png
Saint-Imier,/wiki/Saint-Imier,//upload.wikimedia.org/wikipedia/commons/thumb/9/9a/Saint_Imier-coat_of_arms.svg/35px-Saint_Imier-coat_of_arms.svg.png
Saules,/wiki/Saules_BE,//upload.wikimedia.org/wikipedia/commons/thumb/3/31/Saules-coat_of_arms.svg/35px-Saules-coat_of_arms.svg.png
Saxeten,/wiki/Saxeten,//upload.wikimedia.org/wikipedia/commons/thumb/2/2b/Saxeten-coat_of_arms.svg/35px-Saxeten-coat_of_arms.svg.png
Schalunen,/wiki/Schalunen,//upload.wikimedia.org/wikipedia/commons/thumb/a/ac/Schalunen-coat_of_arms.svg/35px-Schalunen-coat_of_arms.svg.png
Schangnau,/wiki/Schangnau,//upload.wikimedia.org/wikipedia/commons/thumb/2/28/Schangnau-coat_of_arms.svg/35px-Schangnau-coat_of_arms.svg.png
Schattenhalb,/wiki/Schattenhalb,//upload.wikimedia.org/wikipedia/commons/thumb/3/38/Schattenhalb-coat_of_arms.svg/35px-Schattenhalb-coat_of_arms.svg.png
Schelten,/wiki/Schelten,//upload.wikimedia.org/wikipedia/commons/thumb/7/70/Schelten-coat_of_arms.svg/35px-Schelten-coat_of_arms.svg.png
Scheunen,/wiki/Scheunen,//upload.wikimedia.org/wikipedia/commons/thumb/4/4e/Scheunen-coat_of_arms.svg/35px-Scheunen-coat_of_arms.svg.png
Scheuren,/wiki/Scheuren_BE,//upload.wikimedia.org/wikipedia/commons/thumb/6/63/Scheuren-coat_of_arms.svg/35px-Scheuren-coat_of_arms.svg.png
Schlosswil,/wiki/Schlosswil,//upload.wikimedia.org/wikipedia/commons/thumb/5/52/Schlosswil-coat_of_arms.svg/35px-Schlosswil-coat_of_arms.svg.png
Schüpfen,/wiki/Sch%C3%BCpfen,//upload.wikimedia.org/wikipedia/commons/thumb/2/2e/Sch%C3%BCpfen-coat_of_arms.svg/35px-Sch%C3%BCpfen-coat_of_arms.svg.png
Schwadernau,/wiki/Schwadernau,//upload.wikimedia.org/wikipedia/commons/thumb/e/ec/Schwadernau-coat_of_arms.svg/35px-Schwadernau-coat_of_arms.svg.png
Schwanden bei Brienz,/wiki/Schwanden_bei_Brienz,//upload.wikimedia.org/wikipedia/commons/thumb/d/d2/Schwanden_bei_Brienz-coat_of_arms.svg/35px-Schwanden_bei_Brienz-coat_of_arms.svg.png
Schwarzenburg,/wiki/Schwarzenburg_BE,//upload.wikimedia.org/wikipedia/commons/thumb/d/df/Schwarzenburg-coat_of_arms.svg/35px-Schwarzenburg-coat_of_arms.svg.png
Schwarzhäusern,/wiki/Schwarzh%C3%A4usern,//upload.wikimedia.org/wikipedia/commons/thumb/0/05/Schwarzh%C3%A4usern-coat_of_arms.svg/35px-Schwarzh%C3%A4usern-coat_of_arms.svg.png
Schwendibach,/wiki/Schwendibach,//upload.wikimedia.org/wikipedia/commons/thumb/b/b5/Schwendibach-coat_of_arms.svg/35px-Schwendibach-coat_of_arms.svg.png
Seeberg,/wiki/Seeberg_BE,//upload.wikimedia.org/wikipedia/commons/thumb/3/39/Seeberg-coat_of_arms.svg/35px-Seeberg-coat_of_arms.svg.png
Seedorf,/wiki/Seedorf_BE,//upload.wikimedia.org/wikipedia/commons/thumb/b/bb/Seedorf_BE-coat_of_arms.svg/35px-Seedorf_BE-coat_of_arms.svg.png
Seehof,/wiki/Seehof_BE,//upload.wikimedia.org/wikipedia/commons/thumb/6/64/Seehof-coat_of_arms.svg/35px-Seehof-coat_of_arms.svg.png
Seftigen,/wiki/Seftigen,//upload.wikimedia.org/wikipedia/commons/thumb/3/38/Seftigen-coat_of_arms.svg/35px-Seftigen-coat_of_arms.svg.png
Signau,/wiki/Signau,//upload.wikimedia.org/wikipedia/commons/thumb/e/ed/Signau-coat_of_arms.svg/35px-Signau-coat_of_arms.svg.png
Sigriswil,/wiki/Sigriswil,//upload.wikimedia.org/wikipedia/commons/thumb/6/69/Sigriswil-coat_of_arms.svg/35px-Sigriswil-coat_of_arms.svg.png
Siselen,/wiki/Siselen,//upload.wikimedia.org/wikipedia/commons/thumb/6/63/Siselen-coat_of_arms.svg/35px-Siselen-coat_of_arms.svg.png
Sonceboz-Sombeval,/wiki/Sonceboz-Sombeval,//upload.wikimedia.org/wikipedia/commons/thumb/2/24/Sonceboz_Sombeval-coat_of_arms.svg/35px-Sonceboz_Sombeval-coat_of_arms.svg.png
Sonvilier,/wiki/Sonvilier,//upload.wikimedia.org/wikipedia/commons/thumb/f/ff/Sonvilier-coat_of_arms.svg/35px-Sonvilier-coat_of_arms.svg.png
Sornetan,/wiki/Sornetan,//upload.wikimedia.org/wikipedia/commons/thumb/3/32/Sornetan-coat_of_arms.svg/35px-Sornetan-coat_of_arms.svg.png
Sorvilier,/wiki/Sorvilier,//upload.wikimedia.org/wikipedia/commons/thumb/d/da/Sorvilier-coat_of_arms.svg/35px-Sorvilier-coat_of_arms.svg.png
Souboz,/wiki/Souboz,//upload.wikimedia.org/wikipedia/commons/thumb/b/b7/Souboz-coat_of_arms.svg/35px-Souboz-coat_of_arms.svg.png
Spiez,/wiki/Spiez,//upload.wikimedia.org/wikipedia/commons/thumb/e/e7/Spiez-coat_of_arms.svg/35px-Spiez-coat_of_arms.svg.png
St. Stephan,/wiki/St._Stephan_BE,//upload.wikimedia.org/wikipedia/commons/thumb/a/ad/Sankt_Stephan-coat_of_arms.svg/35px-Sankt_Stephan-coat_of_arms.svg.png
Steffisburg,/wiki/Steffisburg,//upload.wikimedia.org/wikipedia/commons/thumb/5/55/Steffisburg-coat_of_arms.svg/35px-Steffisburg-coat_of_arms.svg.png
Stettlen,/wiki/Stettlen,//upload.wikimedia.org/wikipedia/commons/thumb/7/70/Stettlen-coat_of_arms.svg/35px-Stettlen-coat_of_arms.svg.png
Studen,/wiki/Studen_BE,//upload.wikimedia.org/wikipedia/commons/thumb/d/df/Studen-coat_of_arms.svg/35px-Studen-coat_of_arms.svg.png
Sumiswald,/wiki/Sumiswald,//upload.wikimedia.org/wikipedia/commons/thumb/e/e7/Sumiswald-coat_of_arms.svg/35px-Sumiswald-coat_of_arms.svg.png
Sutz-Lattrigen,/wiki/Sutz-Lattrigen,//upload.wikimedia.org/wikipedia/commons/thumb/9/9a/Sutz-Lattrigen-coat_of_arms.svg/35px-Sutz-Lattrigen-coat_of_arms.svg.png
Tägertschi,/wiki/T%C3%A4gertschi,//upload.wikimedia.org/wikipedia/commons/thumb/5/55/T%C3%A4gertschi-coat_of_arms.svg/35px-T%C3%A4gertschi-coat_of_arms.svg.png
Täuffelen,/wiki/T%C3%A4uffelen,//upload.wikimedia.org/wikipedia/commons/thumb/a/af/T%C3%A4uffelen-coat_of_arms.svg/35px-T%C3%A4uffelen-coat_of_arms.svg.png
Tavannes,/wiki/Tavannes,//upload.wikimedia.org/wikipedia/commons/thumb/0/0c/Tavannes-coat_of_arms.svg/35px-Tavannes-coat_of_arms.svg.png
Teuffenthal,/wiki/Teuffenthal,//upload.wikimedia.org/wikipedia/commons/thumb/1/1a/Teuffenthal-coat_of_arms.svg/35px-Teuffenthal-coat_of_arms.svg.png
Thierachern,/wiki/Thierachern,//upload.wikimedia.org/wikipedia/commons/thumb/d/d9/Thierachern-coat_of_arms.svg/35px-Thierachern-coat_of_arms.svg.png
Thörigen,/wiki/Th%C3%B6rigen,//upload.wikimedia.org/wikipedia/commons/thumb/a/a9/Th%C3%B6rigen-coat_of_arms.svg/35px-Th%C3%B6rigen-coat_of_arms.svg.png
Thun,/wiki/Thun,//upload.wikimedia.org/wikipedia/commons/thumb/a/af/Thun-coat_of_arms.svg/35px-Thun-coat_of_arms.svg.png
Thunstetten,/wiki/Thunstetten_BE,//upload.wikimedia.org/wikipedia/commons/thumb/c/c6/Thunstetten-coat_of_arms.svg/35px-Thunstetten-coat_of_arms.svg.png
Toffen,/wiki/Toffen,//upload.wikimedia.org/wikipedia/commons/thumb/c/c9/Toffen-coat_of_arms.svg/35px-Toffen-coat_of_arms.svg.png
Trachselwald,/wiki/Trachselwald,//upload.wikimedia.org/wikipedia/commons/thumb/8/88/Trachselwald-coat_of_arms.svg/35px-Trachselwald-coat_of_arms.svg.png
Tramelan,/wiki/Tramelan,//upload.wikimedia.org/wikipedia/commons/thumb/6/6f/Tramelan-coat_of_arms.svg/35px-Tramelan-coat_of_arms.svg.png
Treiten,/wiki/Treiten,//upload.wikimedia.org/wikipedia/commons/thumb/6/65/Treiten-coat_of_arms.svg/35px-Treiten-coat_of_arms.svg.png
Trub,/wiki/Trub,//upload.wikimedia.org/wikipedia/commons/thumb/1/16/Trub-coat_of_arms.svg/35px-Trub-coat_of_arms.svg.png
Trubschachen,/wiki/Trubschachen,//upload.wikimedia.org/wikipedia/commons/thumb/c/c8/Trubschachen-coat_of_arms.svg/35px-Trubschachen-coat_of_arms.svg.png
Tschugg,/wiki/Tschugg,//upload.wikimedia.org/wikipedia/commons/thumb/5/57/Tschugg-coat_of_arms.svg/35px-Tschugg-coat_of_arms.svg.png
Twann-Tüscherz,/wiki/Twann-T%C3%BCscherz,//upload.wikimedia.org/wikipedia/commons/thumb/7/7d/Twann-T%C3%BCscherz-coat_of_arms.svg/35px-Twann-T%C3%BCscherz-coat_of_arms.svg.png
Uebeschi,/wiki/Uebeschi,//upload.wikimedia.org/wikipedia/commons/thumb/0/0f/Uebeschi-coat_of_arms.svg/35px-Uebeschi-coat_of_arms.svg.png
Uetendorf,/wiki/Uetendorf,//upload.wikimedia.org/wikipedia/commons/thumb/8/85/Uetendorf-coat_of_arms.svg/35px-Uetendorf-coat_of_arms.svg.png
Unterlangenegg,/wiki/Unterlangenegg,//upload.wikimedia.org/wikipedia/commons/thumb/a/af/Unterlangenegg-coat_of_arms.svg/35px-Unterlangenegg-coat_of_arms.svg.png
Unterseen,/wiki/Unterseen,//upload.wikimedia.org/wikipedia/commons/thumb/b/b0/Unterseen-coat_of_arms.svg/35px-Unterseen-coat_of_arms.svg.png
Ursenbach,/wiki/Ursenbach_BE,//upload.wikimedia.org/wikipedia/commons/thumb/a/aa/Ursenbach-coat_of_arms.svg/35px-Ursenbach-coat_of_arms.svg.png
Urtenen-Schönbühl,/wiki/Urtenen-Sch%C3%B6nb%C3%BChl,//upload.wikimedia.org/wikipedia/commons/thumb/c/cb/Urtenen-coat_of_arms.svg/35px-Urtenen-coat_of_arms.svg.png
Uttigen,/wiki/Uttigen,//upload.wikimedia.org/wikipedia/commons/thumb/9/9f/Uttigen-coat_of_arms.svg/35px-Uttigen-coat_of_arms.svg.png
Utzenstorf,/wiki/Utzenstorf,//upload.wikimedia.org/wikipedia/commons/thumb/1/16/Utzenstorf-coat_of_arms.svg/35px-Utzenstorf-coat_of_arms.svg.png
Vauffelin,/wiki/Vauffelin,//upload.wikimedia.org/wikipedia/commons/thumb/7/77/Vauffelin-coat_of_arms.svg/35px-Vauffelin-coat_of_arms.svg.png
Vechigen,/wiki/Vechigen,//upload.wikimedia.org/wikipedia/commons/thumb/0/02/Vechigen-coat_of_arms.svg/35px-Vechigen-coat_of_arms.svg.png
Villeret,/wiki/Villeret_BE,//upload.wikimedia.org/wikipedia/commons/thumb/5/50/Villeret-coat_of_arms.svg/35px-Villeret-coat_of_arms.svg.png
Vinelz,/wiki/Vinelz,//upload.wikimedia.org/wikipedia/commons/thumb/9/96/Vinelz-coat_of_arms.svg/35px-Vinelz-coat_of_arms.svg.png
Wachseldorn,/wiki/Wachseldorn,//upload.wikimedia.org/wikipedia/commons/thumb/2/22/Wachseldorn-coat_of_arms.svg/35px-Wachseldorn-coat_of_arms.svg.png
Wald,/wiki/Wald_BE,//upload.wikimedia.org/wikipedia/commons/thumb/a/a8/Wald-coat_of_arms.svg/35px-Wald-coat_of_arms.svg.png
Walkringen,/wiki/Walkringen,//upload.wikimedia.org/wikipedia/commons/thumb/c/c0/Walkringen-coat_of_arms.svg/35px-Walkringen-coat_of_arms.svg.png
Walliswil bei Niederbipp,/wiki/Walliswil_bei_Niederbipp,//upload.wikimedia.org/wikipedia/commons/thumb/c/ca/Walliswil_bei_Niederbipp-coat_of_arms.svg/35px-Walliswil_bei_Niederbipp-coat_of_arms.svg.png
Walliswil bei Wangen,/wiki/Walliswil_bei_Wangen,//upload.wikimedia.org/wikipedia/commons/thumb/f/f5/Walliswil_bei_Wangen-coat_of_arms.svg/35px-Walliswil_bei_Wangen-coat_of_arms.svg.png
Walperswil,/wiki/Walperswil,//upload.wikimedia.org/wikipedia/commons/thumb/9/94/Walperswil-coat_of_arms.svg/35px-Walperswil-coat_of_arms.svg.png
Walterswil,/wiki/Walterswil_BE,//upload.wikimedia.org/wikipedia/commons/thumb/2/20/Walterswil-coat_of_arms.svg/35px-Walterswil-coat_of_arms.svg.png
Wangen an der Aare,/wiki/Wangen_an_der_Aare,//upload.wikimedia.org/wikipedia/commons/thumb/4/48/Wangen-coat_of_arms.svg/35px-Wangen-coat_of_arms.svg.png
Wangenried,/wiki/Wangenried,//upload.wikimedia.org/wikipedia/commons/thumb/9/9a/Wangenried-coat_of_arms.svg/35px-Wangenried-coat_of_arms.svg.png
Wattenwil,/wiki/Wattenwil,//upload.wikimedia.org/wikipedia/commons/thumb/c/c3/Wattenwil-coat_of_arms.svg/35px-Wattenwil-coat_of_arms.svg.png
Wengi,/wiki/Wengi,//upload.wikimedia.org/wikipedia/commons/thumb/b/b8/Wengi_bei_B%C3%BCren-coat_of_arms.svg/35px-Wengi_bei_B%C3%BCren-coat_of_arms.svg.png
Wichtrach,/wiki/Wichtrach,//upload.wikimedia.org/wikipedia/commons/thumb/1/13/Wichtrach-coat_of_arms.svg/35px-Wichtrach-coat_of_arms.svg.png
Wiedlisbach,/wiki/Wiedlisbach,//upload.wikimedia.org/wikipedia/commons/thumb/c/cc/Wiedlisbach-coat_of_arms.svg/35px-Wiedlisbach-coat_of_arms.svg.png
Wiggiswil,/wiki/Wiggiswil,//upload.wikimedia.org/wikipedia/commons/thumb/4/4a/Wiggiswil-coat_of_arms.svg/35px-Wiggiswil-coat_of_arms.svg.png
Wilderswil,/wiki/Wilderswil,//upload.wikimedia.org/wikipedia/commons/thumb/9/95/Wilderswil-coat_of_arms.svg/35px-Wilderswil-coat_of_arms.svg.png
Wiler bei Utzenstorf,/wiki/Wiler_bei_Utzenstorf,//upload.wikimedia.org/wikipedia/commons/thumb/0/08/Wiler_bei_Utzenstorf-coat_of_arms.svg/35px-Wiler_bei_Utzenstorf-coat_of_arms.svg.png
Wileroltigen,/wiki/Wileroltigen,//upload.wikimedia.org/wikipedia/commons/thumb/0/09/Wileroltigen-coat_of_arms.svg/35px-Wileroltigen-coat_of_arms.svg.png
Willadingen,/wiki/Willadingen,//upload.wikimedia.org/wikipedia/commons/thumb/9/97/Willadingen-coat_of_arms.svg/35px-Willadingen-coat_of_arms.svg.png
Wimmis,/wiki/Wimmis,//upload.wikimedia.org/wikipedia/commons/thumb/f/f2/Wimmis-coat_of_arms.svg/35px-Wimmis-coat_of_arms.svg.png
Wohlen bei Bern,/wiki/Wohlen_bei_Bern,//upload.wikimedia.org/wikipedia/commons/thumb/5/52/Wohlen_bei_Bern-coat_of_arms.svg/35px-Wohlen_bei_Bern-coat_of_arms.svg.png
Wolfisberg,/wiki/Wolfisberg,//upload.wikimedia.org/wikipedia/commons/thumb/5/57/Wolfisberg-coat_of_arms.svg/35px-Wolfisberg-coat_of_arms.svg.png
Worb,/wiki/Worb,//upload.wikimedia.org/wikipedia/commons/thumb/1/1a/Worb-coat_of_arms.svg/35px-Worb-coat_of_arms.svg.png
Worben,/wiki/Worben,//upload.wikimedia.org/wikipedia/commons/thumb/2/2c/Worben-coat_of_arms.svg/35px-Worben-coat_of_arms.svg.png
Wynau,/wiki/Wynau,//upload.wikimedia.org/wikipedia/commons/thumb/e/ed/Wynau-coat_of_arms.svg/35px-Wynau-coat_of_arms.svg.png
Wynigen,/wiki/Wynigen,//upload.wikimedia.org/wikipedia/commons/thumb/1/10/Wynigen-coat_of_arms.svg/35px-Wynigen-coat_of_arms.svg.png
Wyssachen,/wiki/Wyssachen,//upload.wikimedia.org/wikipedia/commons/thumb/1/16/Wyssachen-coat_of_arms.svg/35px-Wyssachen-coat_of_arms.svg.png
Zauggenried,/wiki/Zauggenried,//upload.wikimedia.org/wikipedia/commons/thumb/3/3e/Zauggenried-coat_of_arms.svg/35px-Zauggenried-coat_of_arms.svg.png
Zäziwil,/wiki/Z%C3%A4ziwil,//upload.wikimedia.org/wikipedia/commons/thumb/4/42/Z%C3%A4ziwil-coat_of_arms.svg/35px-Z%C3%A4ziwil-coat_of_arms.svg.png
Zielebach,/wiki/Zielebach,//upload.wikimedia.org/wikipedia/commons/thumb/e/ec/Zielebach-coat_of_arms.svg/35px-Zielebach-coat_of_arms.svg.png
Zollikofen,/wiki/Zollikofen,//upload.wikimedia.org/wikipedia/commons/thumb/c/c1/Zollikofen-coat_of_arms.svg/35px-Zollikofen-coat_of_arms.svg.png
Zuzwil,/wiki/Zuzwil_BE,//upload.wikimedia.org/wikipedia/commons/thumb/f/f3/Zuzwil-coat_of_arms.svg/35px-Zuzwil-coat_of_arms.svg.png
Zweisimmen,/wiki/Zweisimmen,//upload.wikimedia.org/wikipedia/commons/thumb/4/4f/Obersimmental-coat_of_arms.svg/35px-Obersimmental-coat_of_arms.svg.png
Zwieselberg,/wiki/Zwieselberg_BE,//upload.wikimedia.org/wikipedia/commons/thumb/9/97/Zwieselberg-coat_of_arms.svg/35px-Zwieselberg-coat_of_arms.svg.png
